account id,product code,opening date,reporting period,period balance,£ withdrawal,£ receipt,£ internal transfer,interest rate,account tenure (months)
P001-2023-06-0007,P001,2023-06-11,2025-07,1422.67,87.8,112.29,39.59,0.03099,26
P001-2023-06-0007,P001,2023-06-11,2025-08,1242.6,221.03,67.31,26.34,0.03239,27
P001-2023-06-0007,P001,2023-06-11,2025-09,1203.3,56.3,40.71,23.72,0.03491,28
P001-2023-06-0009,P001,2023-06-11,2025-07,2124.56,85.33,131.44,19.72,0.03063,26
P001-2023-06-0009,P001,2023-06-11,2025-08,2131.35,122.54,146.39,17.06,0.03337,27
P001-2023-06-0009,P001,2023-06-11,2025-09,2053.05,69.51,17.36,26.15,0.03131,28
P001-2023-06-0011,P001,2023-06-12,2025-07,3529.55,46.48,128.6,69.18,0.02658,26
P001-2023-06-0011,P001,2023-06-12,2025-08,3543.98,134.96,162.5,13.11,0.02961,27
P001-2023-06-0011,P001,2023-06-12,2025-09,3576.82,161.37,265.06,70.86,0.03188,28
P001-2023-06-0016,P001,2023-06-16,2025-07,4656.98,0.0,193.56,55.9,0.03052,26
P001-2023-06-0016,P001,2023-06-16,2025-08,4405.91,422.61,210.48,38.93,0.03064,27
P001-2023-06-0016,P001,2023-06-16,2025-09,4389.24,249.4,232.72,0.0,0.02517,28
P001-2023-06-0017,P001,2023-06-16,2025-07,7326.47,663.39,308.93,0.0,0.03024,26
P001-2023-06-0017,P001,2023-06-16,2025-08,7385.44,193.79,297.85,45.09,0.02589,27
P001-2023-06-0017,P001,2023-06-16,2025-09,7214.72,376.8,329.58,123.49,0.03008,28
P001-2023-06-0019,P001,2023-06-02,2025-07,3463.14,232.69,88.13,33.87,0.03204,26
P001-2023-06-0019,P001,2023-06-02,2025-08,3599.06,0.0,177.67,41.75,0.02758,27
P001-2023-06-0019,P001,2023-06-02,2025-09,3398.65,287.15,108.44,21.71,0.03592,28
P001-2023-06-0024,P001,2023-06-24,2025-07,1250.0,79.05,37.82,37.5,0.03832,26
P001-2023-06-0024,P001,2023-06-24,2025-08,1186.23,78.84,24.54,9.47,0.03508,27
P001-2023-06-0024,P001,2023-06-24,2025-09,1123.31,106.6,54.01,10.32,0.02905,28
P001-2023-06-0027,P001,2023-06-26,2025-07,3326.56,359.86,232.08,6.34,0.03153,26
P001-2023-06-0027,P001,2023-06-26,2025-08,3166.53,194.04,67.45,33.44,0.03227,27
P001-2023-06-0027,P001,2023-06-26,2025-09,3049.97,169.67,105.81,52.7,0.03562,28
P001-2023-06-0028,P001,2023-06-23,2025-07,2713.23,14.64,71.35,75.19,0.03037,26
P001-2023-06-0028,P001,2023-06-23,2025-08,2644.04,209.74,161.04,20.5,0.03431,27
P001-2023-06-0028,P001,2023-06-23,2025-09,2672.21,202.74,245.09,14.18,0.03072,28
P001-2023-06-0031,P001,2023-06-25,2025-07,599.55,34.98,15.12,2.42,0.02797,26
P001-2023-06-0031,P001,2023-06-25,2025-08,602.06,32.45,42.51,7.55,0.03173,27
P001-2023-06-0031,P001,2023-06-25,2025-09,556.55,64.77,26.62,7.36,0.03066,28
P001-2023-07-0001,P001,2023-07-07,2025-07,7126.16,179.3,409.87,148.9,0.03422,25
P001-2023-07-0001,P001,2023-07-07,2025-08,6821.46,531.28,321.85,95.27,0.03278,26
P001-2023-07-0001,P001,2023-07-07,2025-09,6619.39,447.32,391.87,146.62,0.02795,27
P001-2023-07-0005,P001,2023-07-17,2025-07,530.01,47.65,36.58,11.5,0.03492,25
P001-2023-07-0005,P001,2023-07-17,2025-08,524.13,28.03,22.15,0.0,0.0328,26
P001-2023-07-0005,P001,2023-07-17,2025-09,488.5,54.1,23.5,5.02,0.03115,27
P001-2023-07-0007,P001,2023-07-19,2025-07,1874.16,53.95,58.76,24.0,0.03241,25
P001-2023-07-0007,P001,2023-07-19,2025-08,1827.01,188.36,173.42,32.2,0.03328,26
P001-2023-07-0007,P001,2023-07-19,2025-09,1668.0,179.93,24.76,3.84,0.02618,27
P001-2023-07-0010,P001,2023-07-05,2025-07,1059.28,27.96,2.8,11.07,0.03227,25
P001-2023-07-0010,P001,2023-07-05,2025-08,989.66,86.25,16.64,0.0,0.03318,26
P001-2023-07-0011,P001,2023-07-02,2025-07,2318.14,61.73,64.74,33.82,0.02958,25
P001-2023-07-0011,P001,2023-07-02,2025-08,2340.72,67.17,105.87,16.11,0.02928,26
P001-2023-07-0011,P001,2023-07-02,2025-09,2173.43,211.48,61.85,17.66,0.03381,27
P001-2023-07-0027,P001,2023-07-01,2025-07,1552.18,81.36,28.97,21.79,0.03077,25
P001-2023-07-0027,P001,2023-07-01,2025-08,1636.38,0.0,92.79,8.59,0.02776,26
P001-2023-07-0027,P001,2023-07-01,2025-09,1562.02,153.5,83.84,4.71,0.03244,27
P001-2023-07-0030,P001,2023-07-12,2025-07,3611.02,116.6,116.81,113.97,0.03172,25
P001-2023-07-0030,P001,2023-07-12,2025-08,3815.95,28.08,245.08,12.06,0.03835,26
P001-2023-07-0030,P001,2023-07-12,2025-09,3392.03,571.96,148.04,0.0,0.03176,27
P001-2023-07-0032,P001,2023-07-08,2025-07,2872.05,274.78,91.68,73.87,0.03586,25
P001-2023-07-0032,P001,2023-07-08,2025-08,2891.96,150.03,169.94,0.0,0.03384,26
P001-2023-07-0032,P001,2023-07-08,2025-09,2777.67,170.04,105.36,49.61,0.0284,27
P001-2023-07-0033,P001,2023-07-16,2025-07,3817.55,270.51,230.48,0.0,0.03714,25
P001-2023-07-0033,P001,2023-07-16,2025-08,3824.9,156.58,195.5,31.57,0.03153,26
P001-2023-07-0033,P001,2023-07-16,2025-09,3852.63,163.03,190.76,0.0,0.03274,27
P001-2023-07-0039,P001,2023-07-14,2025-07,7877.14,464.75,474.98,53.49,0.02947,25
P001-2023-07-0039,P001,2023-07-14,2025-08,7828.92,545.27,589.57,92.53,0.03032,26
P001-2023-07-0039,P001,2023-07-14,2025-09,7989.16,300.38,517.49,56.87,0.03934,27
P001-2023-07-0040,P001,2023-07-10,2025-07,2913.08,170.5,81.11,30.64,0.03468,25
P001-2023-07-0040,P001,2023-07-10,2025-08,2951.64,161.1,221.88,22.21,0.0317,26
P001-2023-07-0040,P001,2023-07-10,2025-09,2815.36,130.11,56.86,63.04,0.02805,27
P001-2023-07-0042,P001,2023-07-01,2025-07,2231.67,114.33,105.18,30.24,0.0344,25
P001-2023-07-0045,P001,2023-07-26,2025-07,2347.67,122.75,74.97,47.63,0.03113,25
P001-2023-07-0045,P001,2023-07-26,2025-08,2124.73,254.64,31.69,0.0,0.03721,26
P001-2023-07-0045,P001,2023-07-26,2025-09,1963.43,178.56,70.38,53.11,0.03053,27
P001-2023-08-0004,P001,2023-08-10,2025-07,3536.96,45.95,142.75,53.95,0.03575,24
P001-2023-08-0004,P001,2023-08-10,2025-08,3213.62,323.76,98.6,98.18,0.03662,25
P001-2023-08-0004,P001,2023-08-10,2025-09,3216.16,110.16,153.52,40.82,0.03142,26
P001-2023-08-0005,P001,2023-08-09,2025-07,1659.56,79.59,37.76,33.37,0.03443,24
P001-2023-08-0005,P001,2023-08-09,2025-08,1644.53,62.12,58.81,11.72,0.02804,25
P001-2023-08-0005,P001,2023-08-09,2025-09,1559.9,125.77,60.87,19.74,0.03264,26
P001-2023-08-0008,P001,2023-08-20,2025-07,2803.78,218.26,85.52,29.24,0.03392,24
P001-2023-08-0008,P001,2023-08-20,2025-08,2605.88,281.31,110.89,27.49,0.03169,25
P001-2023-08-0008,P001,2023-08-20,2025-09,2673.04,16.68,139.0,55.16,0.03482,26
P001-2023-08-0013,P001,2023-08-07,2025-07,1801.07,122.05,107.1,20.79,0.03483,24
P001-2023-08-0013,P001,2023-08-07,2025-08,1740.34,119.09,91.54,33.19,0.03291,25
P001-2023-08-0013,P001,2023-08-07,2025-09,1596.94,118.87,21.45,45.98,0.03161,26
P001-2023-08-0021,P001,2023-08-01,2025-07,5544.46,545.74,241.61,138.24,0.03217,24
P001-2023-08-0021,P001,2023-08-01,2025-08,5160.08,460.3,99.63,23.7,0.03445,25
P001-2023-08-0021,P001,2023-08-01,2025-09,5044.57,337.63,350.93,128.82,0.03144,26
P001-2023-08-0023,P001,2023-08-05,2025-07,542.77,42.26,19.48,15.34,0.02387,24
P001-2023-08-0023,P001,2023-08-05,2025-08,539.94,7.07,17.91,13.68,0.02791,25
P001-2023-08-0023,P001,2023-08-05,2025-09,496.63,54.76,23.39,11.94,0.03305,26
P001-2023-08-0024,P001,2023-08-24,2025-07,1752.56,97.74,108.37,27.79,0.03354,24
P001-2023-08-0024,P001,2023-08-24,2025-08,1621.17,134.85,31.73,28.27,0.03135,25
P001-2023-08-0024,P001,2023-08-24,2025-09,1501.1,130.85,26.96,16.19,0.03294,26
P001-2023-08-0026,P001,2023-08-08,2025-07,1714.31,68.56,52.31,4.55,0.03044,24
P001-2023-08-0026,P001,2023-08-08,2025-08,1741.51,82.59,132.83,23.04,0.03115,25
P001-2023-08-0026,P001,2023-08-08,2025-09,1729.41,22.39,10.3,0.0,0.03023,26
P001-2023-08-0028,P001,2023-08-02,2025-07,3818.65,120.57,199.93,0.0,0.03389,24
P001-2023-08-0044,P001,2023-08-08,2025-07,489.73,27.22,9.87,0.0,0.02929,24
P001-2023-09-0002,P001,2023-09-23,2025-07,1835.12,136.91,75.44,4.74,0.03678,23
P001-2023-09-0002,P001,2023-09-23,2025-08,1820.44,144.96,153.67,23.39,0.03017,24
P001-2023-09-0002,P001,2023-09-23,2025-09,1812.15,23.64,23.39,8.03,0.03473,25
P001-2023-09-0003,P001,2023-09-09,2025-07,3978.24,179.14,205.88,26.86,0.03144,23
P001-2023-09-0003,P001,2023-09-09,2025-08,3663.18,298.56,13.2,29.7,0.03833,24
P001-2023-09-0003,P001,2023-09-09,2025-09,3515.74,299.41,195.42,43.45,0.03117,25
P001-2023-09-0006,P001,2023-09-09,2025-07,1905.45,153.16,27.22,16.26,0.03053,23
P001-2023-09-0006,P001,2023-09-09,2025-08,1976.51,21.17,130.76,38.53,0.0335,24
P001-2023-09-0006,P001,2023-09-09,2025-09,2007.66,99.12,151.82,21.54,0.0308,25
P001-2023-09-0007,P001,2023-09-18,2025-07,1180.15,74.78,29.9,21.3,0.03466,23
P001-2023-09-0007,P001,2023-09-18,2025-08,1164.12,64.96,48.93,0.0,0.03529,24
P001-2023-09-0007,P001,2023-09-18,2025-09,1136.89,89.68,87.2,24.75,0.03311,25
P001-2023-09-0012,P001,2023-09-22,2025-07,9809.93,1009.58,224.53,20.74,0.02788,23
P001-2023-09-0012,P001,2023-09-22,2025-08,10010.98,180.67,420.15,38.43,0.03071,24
P001-2023-09-0012,P001,2023-09-22,2025-09,9639.47,739.61,419.1,51.0,0.03268,25
P001-2023-09-0013,P001,2023-09-22,2025-07,3365.88,354.7,164.9,16.99,0.03419,23
P001-2023-09-0013,P001,2023-09-22,2025-08,3338.84,112.57,138.57,53.04,0.0317,24
P001-2023-09-0013,P001,2023-09-22,2025-09,3252.9,159.08,132.88,59.74,0.03586,25
P001-2023-09-0015,P001,2023-09-07,2025-07,2150.4,126.64,72.01,0.0,0.03369,23
P001-2023-09-0015,P001,2023-09-07,2025-08,2156.26,94.15,107.48,7.47,0.03221,24
P001-2023-09-0015,P001,2023-09-07,2025-09,2190.7,51.01,98.27,12.83,0.02625,25
P001-2023-09-0016,P001,2023-09-17,2025-07,1382.96,70.82,53.67,12.59,0.03409,23
P001-2023-09-0016,P001,2023-09-17,2025-08,1313.43,71.12,17.58,15.99,0.03258,24
P001-2023-09-0016,P001,2023-09-17,2025-09,1280.49,116.11,90.67,7.49,0.02954,25
P001-2023-09-0017,P001,2023-09-24,2025-07,4048.59,676.22,142.53,53.58,0.03249,23
P001-2023-09-0017,P001,2023-09-24,2025-08,4107.38,200.4,267.64,8.45,0.02787,24
P001-2023-09-0017,P001,2023-09-24,2025-09,4027.27,248.88,216.37,47.61,0.03395,25
P001-2023-09-0020,P001,2023-09-09,2025-07,1435.69,92.71,46.48,0.0,0.03365,23
P001-2023-09-0024,P001,2023-09-22,2025-07,3832.58,225.44,199.85,14.41,0.03472,23
P001-2023-09-0024,P001,2023-09-22,2025-08,3614.6,246.74,132.83,104.07,0.02759,24
P001-2023-09-0024,P001,2023-09-22,2025-09,3395.16,194.48,40.53,65.49,0.02941,25
P001-2023-09-0040,P001,2023-09-17,2025-07,2544.15,143.67,74.64,42.11,0.02951,23
P001-2023-09-0040,P001,2023-09-17,2025-08,2484.52,224.73,167.62,2.51,0.02883,24
P001-2023-09-0040,P001,2023-09-17,2025-09,2376.17,175.76,91.61,24.2,0.03298,25
P001-2023-09-0042,P001,2023-09-23,2025-07,2905.73,300.07,140.65,61.85,0.03211,23
P001-2023-09-0042,P001,2023-09-23,2025-08,2942.28,27.73,90.16,25.88,0.03182,24
P001-2023-09-0042,P001,2023-09-23,2025-09,2849.08,171.58,116.28,37.89,0.02686,25
P001-2023-09-0043,P001,2023-09-07,2025-07,1883.36,153.01,67.91,15.9,0.03054,23
P001-2023-09-0043,P001,2023-09-07,2025-08,1759.23,130.21,32.53,26.45,0.02924,24
P001-2023-09-0043,P001,2023-09-07,2025-09,1781.16,72.42,138.1,43.76,0.03603,25
P001-2023-10-0000,P001,2023-10-26,2025-07,1195.46,53.38,61.68,4.85,0.03363,22
P001-2023-10-0000,P001,2023-10-26,2025-08,1184.54,83.08,84.28,12.13,0.03034,23
P001-2023-10-0000,P001,2023-10-26,2025-09,1148.56,47.88,32.89,21.0,0.03422,24
P001-2023-10-0001,P001,2023-10-26,2025-07,1634.73,112.79,80.9,0.0,0.0289,22
P001-2023-10-0001,P001,2023-10-26,2025-08,1610.84,43.04,39.22,20.08,0.03638,23
P001-2023-10-0001,P001,2023-10-26,2025-09,1482.33,175.02,49.34,2.83,0.03609,24
P001-2023-10-0007,P001,2023-10-15,2025-07,3098.31,332.6,81.53,35.84,0.03735,22
P001-2023-10-0007,P001,2023-10-15,2025-08,2844.75,237.02,45.61,62.14,0.03436,23
P001-2023-10-0007,P001,2023-10-15,2025-09,2605.71,229.03,24.37,34.39,0.03126,24
P001-2023-10-0009,P001,2023-10-13,2025-07,3525.79,215.12,78.65,22.9,0.03419,22
P001-2023-10-0009,P001,2023-10-13,2025-08,3423.4,301.23,198.85,0.0,0.03834,23
P001-2023-10-0009,P001,2023-10-13,2025-09,3420.6,108.98,153.11,46.94,0.03017,24
P001-2023-10-0010,P001,2023-10-06,2025-07,2537.04,78.32,40.47,8.98,0.03198,22
P001-2023-10-0010,P001,2023-10-06,2025-08,2455.01,185.72,139.53,35.84,0.03488,23
P001-2023-10-0010,P001,2023-10-06,2025-09,2527.54,43.86,121.54,5.15,0.03322,24
P001-2023-10-0018,P001,2023-10-10,2025-07,1281.88,66.16,45.98,19.98,0.02926,22
P001-2023-10-0018,P001,2023-10-10,2025-08,1272.31,14.13,15.65,11.09,0.03558,23
P001-2023-10-0018,P001,2023-10-10,2025-09,1246.87,47.27,34.68,12.85,0.02823,24
P001-2023-10-0021,P001,2023-10-21,2025-07,1260.29,160.06,70.4,18.77,0.03436,22
P001-2023-10-0021,P001,2023-10-21,2025-08,1232.68,29.94,30.89,28.57,0.03189,23
P001-2023-10-0021,P001,2023-10-21,2025-09,1178.36,107.9,59.56,5.98,0.03424,24
P001-2023-10-0023,P001,2023-10-01,2025-07,1943.39,0.0,27.95,37.46,0.02814,22
P001-2023-10-0023,P001,2023-10-01,2025-08,1839.04,111.41,30.08,23.02,0.03229,23
P001-2023-10-0023,P001,2023-10-01,2025-09,1793.4,103.49,97.98,40.12,0.03282,24
P001-2023-10-0024,P001,2023-10-25,2025-07,1155.35,63.03,45.72,33.34,0.0287,22
P001-2023-10-0024,P001,2023-10-25,2025-08,1111.62,49.98,21.01,14.75,0.03299,23
P001-2023-10-0024,P001,2023-10-25,2025-09,1092.31,50.23,51.86,20.94,0.03198,24
P001-2023-10-0025,P001,2023-10-05,2025-07,3345.37,153.79,189.73,56.64,0.02994,22
P001-2023-10-0025,P001,2023-10-05,2025-08,3143.7,302.52,100.85,0.0,0.03573,23
P001-2023-10-0025,P001,2023-10-05,2025-09,3250.0,0.0,125.51,19.22,0.03192,24
P001-2023-10-0028,P001,2023-10-02,2025-07,4342.15,224.84,269.4,38.58,0.02974,22
P001-2023-10-0028,P001,2023-10-02,2025-08,4240.01,79.61,46.15,68.68,0.02985,23
P001-2023-10-0028,P001,2023-10-02,2025-09,4001.62,219.98,71.33,89.74,0.02992,24
P001-2023-10-0029,P001,2023-10-05,2025-07,2212.01,256.09,62.04,0.0,0.0286,22
P001-2023-10-0029,P001,2023-10-05,2025-08,2147.36,119.6,55.23,0.27,0.0285,23
P001-2023-10-0029,P001,2023-10-05,2025-09,2074.56,194.85,122.04,0.0,0.03605,24
P001-2023-11-0000,P001,2023-11-21,2025-07,6756.06,402.76,371.58,0.0,0.03749,21
P001-2023-11-0000,P001,2023-11-21,2025-08,6952.94,10.88,318.05,110.3,0.03389,22
P001-2023-11-0000,P001,2023-11-21,2025-09,6801.17,320.51,307.12,138.37,0.03606,23
P001-2023-11-0003,P001,2023-11-05,2025-07,6250.87,109.1,286.82,95.7,0.03114,21
P001-2023-11-0003,P001,2023-11-05,2025-08,5727.0,733.82,314.26,104.31,0.03588,22
P001-2023-11-0009,P001,2023-11-04,2025-07,2526.69,228.11,37.2,21.34,0.02965,21
P001-2023-11-0009,P001,2023-11-04,2025-08,2652.11,0.0,128.79,3.37,0.03286,22
P001-2023-11-0009,P001,2023-11-04,2025-09,2694.28,57.7,136.28,36.42,0.03051,23
P001-2023-11-0010,P001,2023-11-27,2025-07,986.39,85.52,6.41,15.04,0.03213,21
P001-2023-11-0010,P001,2023-11-27,2025-08,958.7,1.57,0.0,26.11,0.03122,22
P001-2023-11-0010,P001,2023-11-27,2025-09,922.81,27.41,7.61,16.09,0.0349,23
P001-2023-11-0015,P001,2023-11-06,2025-07,2013.67,109.99,92.83,0.0,0.02552,21
P001-2023-11-0022,P001,2023-11-03,2025-07,2272.19,246.73,95.51,0.0,0.02913,21
P001-2023-11-0022,P001,2023-11-03,2025-08,2174.01,146.63,94.41,45.95,0.03458,22
P001-2023-11-0022,P001,2023-11-03,2025-09,2074.44,107.73,59.02,50.86,0.03044,23
P001-2023-11-0025,P001,2023-11-18,2025-07,3685.58,207.21,296.44,0.0,0.03488,21
P001-2023-11-0025,P001,2023-11-18,2025-08,3409.76,278.6,5.86,3.07,0.02968,22
P001-2023-11-0025,P001,2023-11-18,2025-09,3371.02,223.36,184.62,0.0,0.02956,23
P001-2023-11-0032,P001,2023-11-04,2025-07,2698.74,308.33,180.83,52.04,0.03209,21
P001-2023-11-0032,P001,2023-11-04,2025-08,2583.01,229.75,138.91,24.9,0.03188,22
P001-2023-11-0032,P001,2023-11-04,2025-09,2548.89,82.04,47.92,0.0,0.03675,23
P001-2023-11-0038,P001,2023-11-20,2025-07,2714.35,177.83,146.92,84.71,0.02953,21
P001-2023-11-0038,P001,2023-11-20,2025-08,2620.97,225.56,148.55,16.37,0.02991,22
P001-2023-11-0038,P001,2023-11-20,2025-09,2658.24,38.01,108.17,32.88,0.03361,23
P001-2023-11-0040,P001,2023-11-06,2025-07,2676.83,284.49,159.81,66.98,0.03934,21
P001-2023-11-0040,P001,2023-11-06,2025-08,2671.37,81.35,100.89,25.0,0.03054,22
P001-2023-11-0040,P001,2023-11-06,2025-09,2460.3,349.62,138.55,0.0,0.03707,23
P001-2023-12-0002,P001,2023-12-25,2025-07,9586.12,888.22,367.32,192.86,0.03733,20
P001-2023-12-0010,P001,2023-12-25,2025-07,1444.92,117.31,56.92,0.0,0.03234,20
P001-2023-12-0014,P001,2023-12-18,2025-07,1466.64,96.62,81.71,20.19,0.03284,20
P001-2023-12-0014,P001,2023-12-18,2025-08,1496.66,71.81,107.43,5.61,0.02601,21
P001-2023-12-0014,P001,2023-12-18,2025-09,1440.35,124.34,68.04,0.0,0.03494,22
P001-2023-12-0015,P001,2023-12-26,2025-07,3876.86,127.64,108.77,19.13,0.03121,20
P001-2023-12-0015,P001,2023-12-26,2025-08,3979.6,57.03,222.93,63.16,0.03448,21
P001-2023-12-0015,P001,2023-12-26,2025-09,3886.36,212.42,147.54,28.37,0.03137,22
P001-2023-12-0016,P001,2023-12-21,2025-07,1504.6,51.6,53.46,11.5,0.03284,20
P001-2023-12-0016,P001,2023-12-21,2025-08,1506.95,65.3,81.94,14.29,0.03434,21
P001-2023-12-0016,P001,2023-12-21,2025-09,1495.21,89.14,110.09,32.68,0.03327,22
P001-2023-12-0019,P001,2023-12-18,2025-07,3809.56,182.38,23.36,103.48,0.03864,20
P001-2023-12-0019,P001,2023-12-18,2025-08,3529.09,369.93,200.45,110.99,0.03437,21
P001-2023-12-0019,P001,2023-12-18,2025-09,3177.63,443.19,91.73,0.0,0.02676,22
P001-2023-12-0022,P001,2023-12-03,2025-07,1841.07,91.35,56.91,1.38,0.03075,20
P001-2023-12-0022,P001,2023-12-03,2025-08,1761.34,145.73,90.24,24.24,0.02786,21
P001-2023-12-0022,P001,2023-12-03,2025-09,1720.13,87.37,72.34,26.18,0.03485,22
P001-2023-12-0026,P001,2023-12-20,2025-07,2894.53,96.83,55.49,82.85,0.03523,20
P001-2023-12-0026,P001,2023-12-20,2025-08,2715.82,161.39,55.28,72.59,0.03002,21
P001-2023-12-0026,P001,2023-12-20,2025-09,2597.84,276.67,194.92,36.23,0.03255,22
P001-2023-12-0027,P001,2023-12-12,2025-07,3095.65,34.82,154.77,53.12,0.03554,20
P001-2023-12-0027,P001,2023-12-12,2025-08,3226.83,63.06,246.4,52.16,0.03252,21
P001-2023-12-0027,P001,2023-12-12,2025-09,2979.07,367.99,168.63,48.39,0.03518,22
P001-2023-12-0029,P001,2023-12-11,2025-07,3585.56,190.64,116.63,87.99,0.03513,20
P001-2023-12-0029,P001,2023-12-11,2025-08,3591.86,192.42,224.34,25.62,0.03079,21
P001-2023-12-0029,P001,2023-12-11,2025-09,3462.13,315.1,221.7,36.33,0.03235,22
P001-2023-12-0030,P001,2023-12-03,2025-07,3351.55,230.18,157.46,0.0,0.03474,20
P001-2023-12-0030,P001,2023-12-03,2025-08,3349.38,63.81,89.92,28.27,0.02902,21
P001-2023-12-0030,P001,2023-12-03,2025-09,3204.87,211.93,104.38,36.96,0.03268,22
P001-2023-12-0035,P001,2023-12-01,2025-07,2224.75,31.46,98.3,19.73,0.02879,20
P001-2023-12-0035,P001,2023-12-01,2025-08,2218.75,6.78,34.09,33.3,0.03364,21
P001-2023-12-0035,P001,2023-12-01,2025-09,2267.88,132.69,181.82,0.0,0.02911,22
P001-2023-12-0037,P001,2023-12-06,2025-07,1572.56,122.89,63.95,37.27,0.03424,20
P001-2023-12-0037,P001,2023-12-06,2025-08,1544.21,64.1,71.25,35.51,0.03381,21
P001-2023-12-0037,P001,2023-12-06,2025-09,1570.93,54.14,95.85,15.0,0.0307,22
P001-2023-12-0039,P001,2023-12-09,2025-07,2681.13,141.02,137.96,41.43,0.03459,20
P001-2023-12-0039,P001,2023-12-09,2025-08,2506.28,308.22,133.37,0.0,0.02753,21
P001-2023-12-0039,P001,2023-12-09,2025-09,2310.31,203.94,26.22,18.26,0.0354,22
P001-2023-12-0040,P001,2023-12-11,2025-07,957.9,26.44,59.21,4.54,0.03447,20
P001-2023-12-0040,P001,2023-12-11,2025-08,928.5,49.22,47.25,27.43,0.03206,21
P001-2023-12-0040,P001,2023-12-11,2025-09,909.82,78.89,60.2,0.0,0.04007,22
P001-2024-01-0005,P001,2024-01-14,2025-07,2763.24,272.71,95.0,25.15,0.0255,19
P001-2024-01-0005,P001,2024-01-14,2025-08,2598.26,167.89,55.14,52.23,0.03283,20
P001-2024-01-0007,P001,2024-01-06,2025-07,2912.92,255.03,127.29,31.34,0.0284,19
P001-2024-01-0007,P001,2024-01-06,2025-08,2650.45,368.17,176.82,71.13,0.03345,20
P001-2024-01-0007,P001,2024-01-06,2025-09,2668.62,67.42,119.62,34.03,0.03457,21
P001-2024-01-0008,P001,2024-01-14,2025-07,2316.02,178.7,56.5,56.98,0.02689,19
P001-2024-01-0008,P001,2024-01-14,2025-08,2275.51,130.93,93.9,3.48,0.03744,20
P001-2024-01-0008,P001,2024-01-14,2025-09,1969.89,304.3,30.4,31.71,0.03155,21
P001-2024-01-0012,P001,2024-01-07,2025-07,1643.77,198.49,53.54,0.0,0.02873,19
P001-2024-01-0012,P001,2024-01-07,2025-08,1548.82,105.45,38.55,28.05,0.02824,20
P001-2024-01-0012,P001,2024-01-07,2025-09,1513.13,59.14,23.46,0.0,0.03103,21
P001-2024-01-0013,P001,2024-01-24,2025-07,2156.22,270.1,152.19,9.87,0.03868,19
P001-2024-01-0013,P001,2024-01-24,2025-08,2111.86,158.98,128.78,14.16,0.03268,20
P001-2024-01-0013,P001,2024-01-24,2025-09,1963.26,118.85,9.79,39.54,0.03345,21
P001-2024-01-0016,P001,2024-01-03,2025-07,2246.41,106.38,114.95,3.28,0.02621,19
P001-2024-01-0016,P001,2024-01-03,2025-08,2267.53,24.33,45.44,0.0,0.03081,20
P001-2024-01-0016,P001,2024-01-03,2025-09,2264.85,106.62,134.67,30.72,0.03073,21
P001-2024-01-0017,P001,2024-01-03,2025-07,3212.48,138.74,186.64,0.0,0.03012,19
P001-2024-01-0020,P001,2024-01-15,2025-07,1611.63,219.48,107.11,18.83,0.03106,19
P001-2024-01-0020,P001,2024-01-15,2025-08,1564.02,94.37,77.43,30.66,0.03926,20
P001-2024-01-0020,P001,2024-01-15,2025-09,1425.62,174.42,47.43,11.41,0.03188,21
P001-2024-01-0028,P001,2024-01-19,2025-07,2103.43,167.07,0.0,0.0,0.03068,19
P001-2024-01-0028,P001,2024-01-19,2025-08,2005.34,162.84,64.75,0.0,0.03387,20
P001-2024-01-0028,P001,2024-01-19,2025-09,1995.96,91.72,133.1,50.76,0.02693,21
P001-2024-01-0042,P001,2024-01-27,2025-07,1463.48,127.31,100.26,14.59,0.03322,19
P001-2024-01-0042,P001,2024-01-27,2025-08,1402.89,120.74,79.74,19.6,0.03427,20
P001-2024-01-0042,P001,2024-01-27,2025-09,1328.9,119.17,69.05,23.88,0.03,21
P001-2024-02-0000,P001,2024-02-12,2025-07,7656.49,709.32,43.54,64.21,0.03129,18
P001-2024-02-0000,P001,2024-02-12,2025-08,7389.84,462.11,273.85,78.39,0.03048,19
P001-2024-02-0000,P001,2024-02-12,2025-09,7247.7,248.53,273.11,166.73,0.02813,20
P001-2024-02-0003,P001,2024-02-02,2025-07,6262.92,323.04,415.34,114.35,0.03488,18
P001-2024-02-0003,P001,2024-02-02,2025-08,6350.62,313.14,479.29,78.44,0.02524,19
P001-2024-02-0003,P001,2024-02-02,2025-09,5979.87,503.52,163.47,30.7,0.02819,20
P001-2024-02-0004,P001,2024-02-03,2025-07,1302.07,61.4,84.35,44.38,0.02811,18
P001-2024-02-0004,P001,2024-02-03,2025-08,1236.46,91.47,53.1,27.25,0.03305,19
P001-2024-02-0004,P001,2024-02-03,2025-09,1201.64,92.63,70.61,12.81,0.0267,20
P001-2024-02-0007,P001,2024-02-13,2025-07,2474.8,141.9,100.18,85.31,0.03211,18
P001-2024-02-0007,P001,2024-02-13,2025-08,2390.48,108.91,80.52,55.93,0.02844,19
P001-2024-02-0008,P001,2024-02-22,2025-07,3738.13,125.2,61.3,8.61,0.03002,18
P001-2024-02-0008,P001,2024-02-22,2025-08,3680.78,232.74,203.11,27.71,0.02997,19
P001-2024-02-0008,P001,2024-02-22,2025-09,3646.27,219.42,184.91,0.0,0.03515,20
P001-2024-02-0010,P001,2024-02-25,2025-07,4826.25,315.27,223.89,44.51,0.03183,18
P001-2024-02-0010,P001,2024-02-25,2025-08,4584.93,192.28,22.84,71.87,0.03253,19
P001-2024-02-0013,P001,2024-02-20,2025-07,2902.36,21.48,82.32,11.26,0.02732,18
P001-2024-02-0013,P001,2024-02-20,2025-08,2679.49,222.08,0.0,0.79,0.0343,19
P001-2024-02-0013,P001,2024-02-20,2025-09,2667.58,152.69,140.79,0.0,0.0322,20
P001-2024-02-0014,P001,2024-02-08,2025-07,1592.2,42.6,42.58,16.56,0.03439,18
P001-2024-02-0014,P001,2024-02-08,2025-08,1494.83,111.61,19.72,5.48,0.02745,19
P001-2024-02-0014,P001,2024-02-08,2025-09,1515.14,52.37,91.11,18.43,0.03244,20
P001-2024-02-0017,P001,2024-02-04,2025-07,1861.07,95.17,76.75,14.17,0.02853,18
P001-2024-02-0017,P001,2024-02-04,2025-08,1893.83,64.04,132.11,35.31,0.03178,19
P001-2024-02-0017,P001,2024-02-04,2025-09,1891.75,5.09,45.36,42.35,0.02977,20
P001-2024-02-0018,P001,2024-02-25,2025-07,1669.05,189.6,55.12,11.23,0.03079,18
P001-2024-02-0018,P001,2024-02-25,2025-08,1669.3,9.13,61.45,52.07,0.03277,19
P001-2024-02-0018,P001,2024-02-25,2025-09,1670.25,97.64,99.75,1.15,0.02519,20
P001-2024-02-0021,P001,2024-02-04,2025-07,7627.67,746.49,407.56,86.87,0.0296,18
P001-2024-02-0021,P001,2024-02-04,2025-08,7749.33,267.73,389.38,0.0,0.03253,19
P001-2024-02-0021,P001,2024-02-04,2025-09,7772.76,619.73,643.16,0.0,0.03447,20
P001-2024-02-0022,P001,2024-02-26,2025-07,12105.3,592.37,532.54,81.55,0.02468,18
P001-2024-02-0022,P001,2024-02-26,2025-08,12526.62,518.19,943.03,3.52,0.03166,19
P001-2024-02-0022,P001,2024-02-26,2025-09,12787.94,528.22,789.55,0.0,0.03417,20
P001-2024-02-0026,P001,2024-02-11,2025-07,2437.42,0.0,109.6,5.81,0.03402,18
P001-2024-02-0026,P001,2024-02-11,2025-08,2352.01,74.78,14.94,25.57,0.02876,19
P001-2024-02-0026,P001,2024-02-11,2025-09,2162.43,286.7,136.77,39.65,0.0304,20
P001-2024-02-0027,P001,2024-02-09,2025-07,4348.5,350.68,166.21,42.44,0.02898,18
P001-2024-02-0027,P001,2024-02-09,2025-08,4286.1,260.52,210.91,12.79,0.03039,19
P001-2024-02-0027,P001,2024-02-09,2025-09,4076.65,369.44,224.35,64.36,0.03084,20
P001-2024-02-0028,P001,2024-02-21,2025-07,7943.49,313.65,431.0,61.43,0.03135,18
P001-2024-02-0028,P001,2024-02-21,2025-08,8139.83,535.92,732.26,0.0,0.03119,19
P001-2024-02-0028,P001,2024-02-21,2025-09,7711.6,619.52,191.28,0.0,0.02918,20
P001-2024-02-0030,P001,2024-02-06,2025-07,2996.8,311.93,45.13,5.82,0.03256,18
P001-2024-02-0030,P001,2024-02-06,2025-08,2647.37,368.13,56.63,37.92,0.03357,19
P001-2024-02-0030,P001,2024-02-06,2025-09,2573.82,200.57,130.6,3.57,0.0318,20
P001-2024-02-0033,P001,2024-02-14,2025-07,2315.34,169.52,217.44,31.36,0.03055,18
P001-2024-02-0033,P001,2024-02-14,2025-08,2199.26,121.87,51.89,46.11,0.02818,19
P001-2024-02-0033,P001,2024-02-14,2025-09,2239.16,28.08,78.78,10.8,0.0318,20
P001-2024-02-0035,P001,2024-02-08,2025-07,5690.62,107.75,222.28,76.52,0.03174,18
P001-2024-02-0035,P001,2024-02-08,2025-08,5707.84,399.41,416.64,0.0,0.03001,19
P001-2024-02-0035,P001,2024-02-08,2025-09,5604.75,259.12,248.73,92.7,0.03043,20
P001-2024-03-0001,P001,2024-03-03,2025-07,4529.29,715.69,250.96,55.78,0.02963,17
P001-2024-03-0001,P001,2024-03-03,2025-08,4530.07,305.14,407.98,102.05,0.03673,18
P001-2024-03-0001,P001,2024-03-03,2025-09,4655.24,15.58,140.75,0.0,0.03207,19
P001-2024-03-0004,P001,2024-03-15,2025-07,1518.13,0.63,62.58,15.11,0.03003,17
P001-2024-03-0004,P001,2024-03-15,2025-08,1444.47,106.34,57.04,24.37,0.04034,18
P001-2024-03-0004,P001,2024-03-15,2025-09,1506.03,72.93,134.49,0.0,0.02905,19
P001-2024-03-0005,P001,2024-03-10,2025-07,3997.87,232.63,39.32,0.0,0.03153,17
P001-2024-03-0005,P001,2024-03-10,2025-08,3706.99,215.1,0.0,75.78,0.03123,18
P001-2024-03-0005,P001,2024-03-10,2025-09,3593.69,190.52,97.99,20.77,0.02926,19
P001-2024-03-0010,P001,2024-03-14,2025-07,2161.14,128.85,40.3,10.16,0.0287,17
P001-2024-03-0010,P001,2024-03-14,2025-08,2164.92,74.65,99.54,21.11,0.03114,18
P001-2024-03-0010,P001,2024-03-14,2025-09,2132.53,73.79,62.65,21.24,0.03156,19
P001-2024-03-0011,P001,2024-03-11,2025-07,7733.31,295.3,321.66,37.4,0.0325,17
P001-2024-03-0011,P001,2024-03-11,2025-08,7820.24,358.53,492.32,46.86,0.03186,18
P001-2024-03-0011,P001,2024-03-11,2025-09,7362.11,698.44,399.34,159.02,0.03393,19
P001-2024-03-0012,P001,2024-03-27,2025-07,1896.56,68.54,113.39,44.86,0.03632,17
P001-2024-03-0012,P001,2024-03-27,2025-08,1950.04,54.56,108.04,0.0,0.03251,18
P001-2024-03-0014,P001,2024-03-21,2025-07,3593.17,165.54,244.39,48.29,0.0359,17
P001-2024-03-0014,P001,2024-03-21,2025-08,3519.43,117.64,49.67,5.76,0.03161,18
P001-2024-03-0014,P001,2024-03-21,2025-09,3471.13,181.94,213.21,79.58,0.02976,19
P001-2024-03-0015,P001,2024-03-12,2025-07,1848.23,109.71,72.28,32.01,0.03235,17
P001-2024-03-0015,P001,2024-03-12,2025-08,1819.81,73.89,58.73,13.26,0.02899,18
P001-2024-03-0016,P001,2024-03-07,2025-07,4918.88,76.24,266.65,90.01,0.03224,17
P001-2024-03-0016,P001,2024-03-07,2025-08,5131.31,219.63,432.06,0.0,0.03366,18
P001-2024-03-0016,P001,2024-03-07,2025-09,5192.3,225.0,294.7,8.72,0.03306,19
P001-2024-03-0017,P001,2024-03-09,2025-07,2066.46,98.18,102.12,10.17,0.03187,17
P001-2024-03-0019,P001,2024-03-15,2025-07,6844.25,381.44,635.12,86.94,0.0331,17
P001-2024-03-0019,P001,2024-03-15,2025-08,6465.78,394.8,141.42,125.09,0.03395,18
P001-2024-03-0019,P001,2024-03-15,2025-09,6131.93,465.9,271.14,139.09,0.03437,19
P001-2024-03-0023,P001,2024-03-02,2025-07,1020.79,47.25,28.62,0.0,0.0362,17
P001-2024-03-0023,P001,2024-03-02,2025-08,1006.32,87.56,78.04,4.95,0.0312,18
P001-2024-03-0023,P001,2024-03-02,2025-09,992.15,20.19,19.6,13.57,0.02515,19
P001-2024-03-0024,P001,2024-03-06,2025-07,17146.84,1689.55,714.71,190.54,0.03489,17
P001-2024-03-0024,P001,2024-03-06,2025-08,17070.71,1271.08,1232.7,37.75,0.03109,18
P001-2024-03-0024,P001,2024-03-06,2025-09,16312.03,1073.42,613.69,298.95,0.03208,19
P001-2024-03-0025,P001,2024-03-05,2025-07,1307.67,115.79,33.63,19.37,0.02876,17
P001-2024-03-0025,P001,2024-03-05,2025-08,1152.85,158.87,24.64,20.59,0.03243,18
P001-2024-03-0026,P001,2024-03-13,2025-07,4559.31,352.69,351.15,90.62,0.03303,17
P001-2024-03-0026,P001,2024-03-13,2025-08,4677.04,181.95,310.26,10.59,0.03232,18
P001-2024-03-0026,P001,2024-03-13,2025-09,4291.22,383.2,36.47,39.09,0.03207,19
P001-2024-03-0027,P001,2024-03-25,2025-07,2033.71,42.42,147.51,42.75,0.03448,17
P001-2024-03-0027,P001,2024-03-25,2025-08,1904.66,132.9,32.34,28.5,0.02572,18
P001-2024-03-0027,P001,2024-03-25,2025-09,1829.69,171.34,107.56,11.18,0.0321,19
P001-2024-03-0028,P001,2024-03-03,2025-07,1914.75,98.76,90.25,0.0,0.03778,17
P001-2024-03-0028,P001,2024-03-03,2025-08,1901.88,23.83,31.37,20.41,0.03263,18
P001-2024-03-0028,P001,2024-03-03,2025-09,1821.9,149.29,110.19,40.88,0.03126,19
P001-2024-03-0029,P001,2024-03-23,2025-07,2668.48,221.17,136.87,22.72,0.02885,17
P001-2024-03-0029,P001,2024-03-23,2025-08,2451.98,199.63,37.73,54.6,0.03943,18
P001-2024-03-0029,P001,2024-03-23,2025-09,2336.66,147.14,78.39,46.58,0.03149,19
P001-2024-03-0031,P001,2024-03-06,2025-07,3136.48,21.8,217.19,42.32,0.02782,17
P001-2024-03-0031,P001,2024-03-06,2025-08,3088.23,163.25,160.88,45.88,0.03319,18
P001-2024-03-0031,P001,2024-03-06,2025-09,3122.62,42.63,125.72,48.7,0.03026,19
P001-2024-03-0033,P001,2024-03-14,2025-07,2100.99,193.46,137.05,23.11,0.03667,17
P001-2024-03-0033,P001,2024-03-14,2025-08,2163.53,68.19,165.87,35.14,0.03307,18
P001-2024-03-0033,P001,2024-03-14,2025-09,2124.64,51.05,12.15,0.0,0.03404,19
P001-2024-03-0034,P001,2024-03-01,2025-07,1478.85,45.66,73.84,22.32,0.02664,17
P001-2024-03-0034,P001,2024-03-01,2025-08,1467.93,25.4,43.34,28.87,0.03554,18
P001-2024-03-0034,P001,2024-03-01,2025-09,1448.15,62.53,42.75,0.0,0.0291,19
P001-2024-03-0035,P001,2024-03-12,2025-07,1643.09,9.78,113.78,24.74,0.03561,17
P001-2024-03-0035,P001,2024-03-12,2025-08,1575.51,70.14,50.22,47.67,0.02836,18
P001-2024-03-0035,P001,2024-03-12,2025-09,1437.15,131.07,17.04,24.32,0.02924,19
P001-2024-03-0036,P001,2024-03-07,2025-07,722.06,38.1,34.02,2.68,0.02877,17
P001-2024-03-0036,P001,2024-03-07,2025-08,652.53,65.32,16.03,20.24,0.02874,18
P001-2024-03-0036,P001,2024-03-07,2025-09,634.67,26.08,19.68,11.46,0.03406,19
P001-2024-03-0044,P001,2024-03-26,2025-07,2335.11,115.23,152.87,50.33,0.03012,17
P001-2024-04-0000,P001,2024-04-26,2025-07,10033.58,401.08,454.86,120.03,0.03566,16
P001-2024-04-0000,P001,2024-04-26,2025-08,9547.9,908.53,530.42,107.57,0.02506,17
P001-2024-04-0000,P001,2024-04-26,2025-09,9315.41,713.95,604.75,123.28,0.02797,18
P001-2024-04-0001,P001,2024-04-26,2025-07,1444.05,78.64,63.98,0.0,0.02921,16
P001-2024-04-0001,P001,2024-04-26,2025-08,1367.01,124.28,87.17,39.93,0.03728,17
P001-2024-04-0001,P001,2024-04-26,2025-09,1306.46,94.24,43.35,9.67,0.02882,18
P001-2024-04-0003,P001,2024-04-15,2025-07,2318.95,136.83,169.18,37.15,0.03322,16
P001-2024-04-0003,P001,2024-04-15,2025-08,2382.48,11.03,94.74,20.18,0.0292,17
P001-2024-04-0003,P001,2024-04-15,2025-09,2276.1,179.54,75.88,2.72,0.03098,18
P001-2024-04-0007,P001,2024-04-12,2025-07,7412.34,492.27,43.17,48.55,0.0303,16
P001-2024-04-0007,P001,2024-04-12,2025-08,7324.98,440.91,383.38,29.83,0.03227,17
P001-2024-04-0007,P001,2024-04-12,2025-09,7615.15,112.37,402.55,0.0,0.03524,18
P001-2024-04-0008,P001,2024-04-25,2025-07,2115.17,175.56,112.32,15.68,0.03724,16
P001-2024-04-0008,P001,2024-04-25,2025-08,2074.93,138.91,119.06,20.38,0.03073,17
P001-2024-04-0008,P001,2024-04-25,2025-09,2076.75,60.4,89.94,27.73,0.0364,18
P001-2024-04-0010,P001,2024-04-01,2025-07,943.04,94.14,57.56,0.0,0.03311,16
P001-2024-04-0010,P001,2024-04-01,2025-08,921.8,54.52,42.43,9.15,0.02813,17
P001-2024-04-0010,P001,2024-04-01,2025-09,858.81,76.06,13.08,0.0,0.03509,18
P001-2024-04-0011,P001,2024-04-20,2025-07,5047.89,10.75,292.19,55.79,0.02983,16
P001-2024-04-0011,P001,2024-04-20,2025-08,5083.75,27.74,161.64,98.04,0.0333,17
P001-2024-04-0011,P001,2024-04-20,2025-09,4842.38,514.99,273.63,0.0,0.03191,18
P001-2024-04-0013,P001,2024-04-20,2025-07,1088.67,147.34,37.52,10.49,0.03551,16
P001-2024-04-0013,P001,2024-04-20,2025-08,951.56,178.86,48.85,7.09,0.0307,17
P001-2024-04-0013,P001,2024-04-20,2025-09,982.0,1.94,60.4,28.02,0.03227,18
P001-2024-04-0019,P001,2024-04-23,2025-07,1951.86,183.37,86.06,18.93,0.02775,16
P001-2024-04-0019,P001,2024-04-23,2025-08,1960.73,85.65,113.35,18.83,0.03602,17
P001-2024-04-0019,P001,2024-04-23,2025-09,1865.44,84.51,58.7,69.48,0.03059,18
P001-2024-04-0020,P001,2024-04-12,2025-07,568.65,30.95,14.93,6.67,0.03232,16
P001-2024-04-0020,P001,2024-04-12,2025-08,582.82,7.37,27.71,6.17,0.02896,17
P001-2024-04-0020,P001,2024-04-12,2025-09,549.74,47.53,33.24,18.78,0.03235,18
P001-2024-04-0023,P001,2024-04-01,2025-07,3134.59,123.5,74.67,20.93,0.03019,16
P001-2024-04-0023,P001,2024-04-01,2025-08,2806.4,338.74,91.88,81.34,0.03353,17
P001-2024-04-0023,P001,2024-04-01,2025-09,2651.81,195.05,82.32,41.86,0.03097,18
P001-2024-04-0025,P001,2024-04-26,2025-07,3110.55,71.37,0.0,52.31,0.03172,16
P001-2024-04-0025,P001,2024-04-26,2025-08,3008.07,119.57,48.06,30.97,0.03168,17
P001-2024-04-0025,P001,2024-04-26,2025-09,2876.04,208.16,76.13,0.0,0.03537,18
P001-2024-04-0027,P001,2024-04-15,2025-07,10135.83,839.14,711.42,0.0,0.0346,16
P001-2024-04-0027,P001,2024-04-15,2025-08,10192.62,423.55,689.0,208.66,0.03096,17
P001-2024-04-0028,P001,2024-04-19,2025-07,4276.73,339.61,391.69,44.91,0.02804,16
P001-2024-04-0028,P001,2024-04-19,2025-08,4276.73,185.37,245.35,59.97,0.02878,17
P001-2024-04-0028,P001,2024-04-19,2025-09,3833.21,460.15,48.61,31.98,0.02499,18
P001-2024-04-0039,P001,2024-04-24,2025-07,1684.87,139.26,40.36,0.0,0.03838,16
P001-2024-04-0039,P001,2024-04-24,2025-08,1549.88,199.82,83.25,18.42,0.0286,17
P001-2024-04-0039,P001,2024-04-24,2025-09,1453.54,134.89,76.89,38.34,0.03211,18
P001-2024-05-0000,P001,2024-05-26,2025-07,954.57,52.96,32.14,18.71,0.03072,15
P001-2024-05-0000,P001,2024-05-26,2025-08,945.49,31.52,38.36,15.92,0.03508,16
P001-2024-05-0000,P001,2024-05-26,2025-09,931.66,42.86,41.75,12.72,0.03501,17
P001-2024-05-0001,P001,2024-05-02,2025-07,626.82,47.8,25.38,0.91,0.02724,15
P001-2024-05-0001,P001,2024-05-02,2025-08,585.32,62.85,26.25,4.9,0.02681,16
P001-2024-05-0004,P001,2024-05-13,2025-07,771.72,55.59,15.24,4.08,0.02738,15
P001-2024-05-0004,P001,2024-05-13,2025-08,794.23,45.0,67.51,0.0,0.03629,16
P001-2024-05-0006,P001,2024-05-27,2025-07,7327.8,561.11,422.28,95.55,0.02749,15
P001-2024-05-0006,P001,2024-05-27,2025-08,6947.4,456.65,101.06,24.8,0.03263,16
P001-2024-05-0006,P001,2024-05-27,2025-09,6727.73,465.48,310.03,64.21,0.03091,17
P001-2024-05-0007,P001,2024-05-18,2025-07,2428.88,176.99,50.59,56.76,0.02911,15
P001-2024-05-0007,P001,2024-05-18,2025-08,2381.79,86.77,76.3,36.62,0.02872,16
P001-2024-05-0008,P001,2024-05-18,2025-07,2922.04,338.88,84.42,10.56,0.03398,15
P001-2024-05-0008,P001,2024-05-18,2025-08,2869.65,72.89,71.65,51.16,0.02869,16
P001-2024-05-0008,P001,2024-05-18,2025-09,2793.83,71.07,55.7,60.45,0.0316,17
P001-2024-05-0009,P001,2024-05-19,2025-07,5178.3,224.09,262.25,0.0,0.03485,15
P001-2024-05-0009,P001,2024-05-19,2025-08,5159.4,214.16,200.6,5.34,0.03267,16
P001-2024-05-0009,P001,2024-05-19,2025-09,5151.9,297.38,289.89,0.0,0.02959,17
P001-2024-05-0010,P001,2024-05-16,2025-07,721.62,40.79,9.0,0.0,0.03869,15
P001-2024-05-0010,P001,2024-05-16,2025-08,667.11,59.15,11.94,7.29,0.03034,16
P001-2024-05-0010,P001,2024-05-16,2025-09,681.79,6.59,29.46,8.19,0.02843,17
P001-2024-05-0011,P001,2024-05-14,2025-07,4518.11,356.14,172.07,125.97,0.03413,15
P001-2024-05-0011,P001,2024-05-14,2025-08,4520.5,164.55,205.54,38.6,0.03499,16
P001-2024-05-0013,P001,2024-05-04,2025-07,9536.93,648.3,831.52,38.48,0.03038,15
P001-2024-05-0013,P001,2024-05-04,2025-08,9604.38,166.35,233.8,0.0,0.03572,16
P001-2024-05-0013,P001,2024-05-04,2025-09,9143.8,455.75,71.24,76.07,0.03184,17
P001-2024-05-0015,P001,2024-05-11,2025-07,1463.74,77.95,71.76,0.0,0.03167,15
P001-2024-05-0015,P001,2024-05-11,2025-08,1428.7,44.59,15.67,6.12,0.03525,16
P001-2024-05-0015,P001,2024-05-11,2025-09,1358.72,89.63,34.02,14.37,0.03913,17
P001-2024-05-0016,P001,2024-05-19,2025-07,5947.09,367.18,298.74,106.37,0.02869,15
P001-2024-05-0016,P001,2024-05-19,2025-08,5711.62,228.92,53.11,59.66,0.03099,16
P001-2024-05-0016,P001,2024-05-19,2025-09,5426.17,255.06,35.88,66.27,0.03326,17
P001-2024-05-0017,P001,2024-05-22,2025-07,4105.17,210.06,158.97,61.38,0.03351,15
P001-2024-05-0017,P001,2024-05-22,2025-08,3994.13,263.37,206.05,53.72,0.03214,16
P001-2024-05-0017,P001,2024-05-22,2025-09,3752.68,292.27,71.36,20.54,0.03605,17
P001-2024-05-0018,P001,2024-05-13,2025-07,5256.64,735.12,242.28,92.61,0.0303,15
P001-2024-05-0018,P001,2024-05-13,2025-08,5124.95,157.23,166.47,140.93,0.0297,16
P001-2024-05-0018,P001,2024-05-13,2025-09,5218.73,60.98,264.56,109.8,0.03474,17
P001-2024-05-0019,P001,2024-05-09,2025-07,2045.87,156.79,34.56,63.96,0.03103,15
P001-2024-05-0019,P001,2024-05-09,2025-08,1922.33,179.33,73.17,17.39,0.035,16
P001-2024-05-0019,P001,2024-05-09,2025-09,1810.26,177.77,81.98,16.27,0.02983,17
P001-2024-05-0021,P001,2024-05-05,2025-07,1246.28,96.75,49.49,25.08,0.03466,15
P001-2024-05-0021,P001,2024-05-05,2025-08,1182.02,60.3,0.0,3.96,0.02997,16
P001-2024-05-0021,P001,2024-05-05,2025-09,1232.87,6.03,70.51,13.64,0.03636,17
P001-2024-05-0022,P001,2024-05-13,2025-07,3076.56,240.15,223.99,14.51,0.03257,15
P001-2024-05-0022,P001,2024-05-13,2025-08,3138.63,61.69,159.29,35.54,0.02991,16
P001-2024-05-0022,P001,2024-05-13,2025-09,2954.21,186.08,57.02,55.36,0.02824,17
P001-2024-05-0024,P001,2024-05-17,2025-07,10832.15,240.19,282.62,0.0,0.03415,15
P001-2024-05-0024,P001,2024-05-17,2025-08,10538.83,595.68,592.3,289.94,0.03626,16
P001-2024-05-0024,P001,2024-05-17,2025-09,9956.48,1040.77,474.88,16.46,0.02856,17
P001-2024-05-0025,P001,2024-05-24,2025-07,4433.18,433.43,84.49,121.03,0.02977,15
P001-2024-05-0025,P001,2024-05-24,2025-08,4294.89,341.63,203.35,0.0,0.03441,16
P001-2024-05-0025,P001,2024-05-24,2025-09,4164.24,286.78,168.35,12.21,0.03072,17
P001-2024-05-0029,P001,2024-05-14,2025-07,2107.41,108.64,75.77,30.32,0.03428,15
P001-2024-05-0029,P001,2024-05-14,2025-08,1920.03,186.31,42.08,43.16,0.03068,16
P001-2024-05-0029,P001,2024-05-14,2025-09,1946.56,49.67,102.41,26.21,0.03079,17
P001-2024-05-0031,P001,2024-05-20,2025-07,4203.41,151.42,84.07,39.66,0.03516,15
P001-2024-05-0031,P001,2024-05-20,2025-08,3867.13,336.28,0.0,0.0,0.0353,16
P001-2024-05-0031,P001,2024-05-20,2025-09,3689.92,388.56,262.84,51.49,0.03353,17
P001-2024-06-0001,P001,2024-06-25,2025-07,9131.08,116.49,705.37,16.6,0.02745,14
P001-2024-06-0001,P001,2024-06-25,2025-08,8877.19,563.73,492.86,183.01,0.03063,15
P001-2024-06-0001,P001,2024-06-25,2025-09,8701.68,594.9,452.71,33.32,0.02698,16
P001-2024-06-0004,P001,2024-06-11,2025-07,8110.15,972.92,378.22,173.18,0.03508,14
P001-2024-06-0004,P001,2024-06-11,2025-08,8359.43,67.13,355.44,39.03,0.02731,15
P001-2024-06-0004,P001,2024-06-11,2025-09,8106.71,630.45,498.98,121.25,0.0334,16
P001-2024-06-0008,P001,2024-06-02,2025-07,2005.34,114.93,70.59,1.4,0.03299,14
P001-2024-06-0008,P001,2024-06-02,2025-08,1873.43,150.74,22.62,3.79,0.03408,15
P001-2024-06-0008,P001,2024-06-02,2025-09,1907.64,82.09,124.74,8.44,0.03568,16
P001-2024-06-0009,P001,2024-06-11,2025-07,1298.86,103.2,39.25,31.59,0.03182,14
P001-2024-06-0009,P001,2024-06-11,2025-08,1332.81,89.27,123.21,0.0,0.03111,15
P001-2024-06-0009,P001,2024-06-11,2025-09,1299.15,92.27,63.45,4.84,0.02973,16
P001-2024-06-0011,P001,2024-06-07,2025-07,5877.25,402.38,150.42,0.0,0.03029,14
P001-2024-06-0011,P001,2024-06-07,2025-08,6065.23,190.84,551.02,172.2,0.0296,15
P001-2024-06-0011,P001,2024-06-07,2025-09,5913.29,389.71,303.3,65.53,0.03279,16
P001-2024-06-0012,P001,2024-06-19,2025-07,3743.28,280.66,43.15,32.05,0.03636,14
P001-2024-06-0012,P001,2024-06-19,2025-08,3604.51,279.34,153.36,12.79,0.03388,15
P001-2024-06-0012,P001,2024-06-19,2025-09,3552.94,172.16,151.4,30.81,0.03616,16
P001-2024-06-0015,P001,2024-06-11,2025-07,8825.76,339.94,363.11,184.3,0.02865,14
P001-2024-06-0016,P001,2024-06-11,2025-07,4955.58,581.61,195.65,0.0,0.02802,14
P001-2024-06-0016,P001,2024-06-11,2025-08,4904.12,285.39,239.12,5.19,0.03213,15
P001-2024-06-0016,P001,2024-06-11,2025-09,4731.71,430.14,257.74,0.0,0.0317,16
P001-2024-06-0017,P001,2024-06-02,2025-07,3794.11,205.05,84.4,80.7,0.0302,14
P001-2024-06-0017,P001,2024-06-02,2025-08,3754.44,0.0,97.12,136.79,0.03586,15
P001-2024-06-0017,P001,2024-06-02,2025-09,3730.33,71.8,91.04,43.35,0.03434,16
P001-2024-06-0020,P001,2024-06-15,2025-07,886.42,41.22,14.01,4.92,0.03066,14
P001-2024-06-0020,P001,2024-06-15,2025-08,933.76,1.08,52.73,4.3,0.03433,15
P001-2024-06-0022,P001,2024-06-22,2025-07,4346.38,531.78,94.25,19.88,0.02895,14
P001-2024-06-0022,P001,2024-06-22,2025-08,4180.82,280.58,177.8,62.78,0.0307,15
P001-2024-06-0022,P001,2024-06-22,2025-09,4005.26,332.02,186.86,30.41,0.02997,16
P001-2024-06-0024,P001,2024-06-23,2025-07,3210.07,171.4,198.24,73.85,0.02752,14
P001-2024-06-0024,P001,2024-06-23,2025-08,3022.14,256.08,102.21,34.06,0.03268,15
P001-2024-06-0024,P001,2024-06-23,2025-09,3015.65,165.46,215.32,56.34,0.03168,16
P001-2024-06-0025,P001,2024-06-20,2025-07,3420.7,109.77,82.9,0.0,0.02853,14
P001-2024-06-0025,P001,2024-06-20,2025-08,3459.83,75.14,119.56,5.3,0.03441,15
P001-2024-06-0025,P001,2024-06-20,2025-09,3280.3,273.49,125.74,31.78,0.03431,16
P001-2024-06-0027,P001,2024-06-05,2025-07,3178.89,47.94,45.55,22.64,0.03178,14
P001-2024-06-0027,P001,2024-06-05,2025-08,3084.3,195.18,119.52,18.94,0.03942,15
P001-2024-06-0027,P001,2024-06-05,2025-09,3058.39,91.47,84.0,18.43,0.03284,16
P001-2024-06-0029,P001,2024-06-22,2025-07,10111.61,648.35,414.76,334.55,0.0359,14
P001-2024-06-0029,P001,2024-06-22,2025-08,9929.15,728.63,581.01,34.84,0.02898,15
P001-2024-06-0029,P001,2024-06-22,2025-09,9998.76,225.12,385.23,90.51,0.03272,16
P001-2024-06-0030,P001,2024-06-02,2025-07,9886.79,900.66,214.07,0.0,0.03452,14
P001-2024-06-0030,P001,2024-06-02,2025-08,9606.29,794.44,513.93,0.0,0.03044,15
P001-2024-06-0030,P001,2024-06-02,2025-09,9297.42,383.23,325.45,251.09,0.03035,16
P001-2024-06-0031,P001,2024-06-18,2025-07,1550.09,101.73,67.84,5.29,0.03194,14
P001-2024-06-0031,P001,2024-06-18,2025-08,1556.12,66.07,73.07,0.97,0.03142,15
P001-2024-06-0031,P001,2024-06-18,2025-09,1553.55,42.1,48.16,8.63,0.03002,16
P001-2024-06-0032,P001,2024-06-19,2025-07,3124.83,249.21,149.9,14.15,0.03239,14
P001-2024-06-0035,P001,2024-06-16,2025-07,3493.73,24.3,106.13,62.61,0.03233,14
P001-2024-06-0035,P001,2024-06-16,2025-08,3238.05,368.22,129.85,17.31,0.0331,15
P001-2024-06-0035,P001,2024-06-16,2025-09,3028.77,179.34,0.0,29.94,0.03699,16
P002-2023-06-0001,P002,2023-06-22,2025-07,1303.9,55.62,87.04,19.24,0.03155,26
P002-2023-06-0011,P002,2023-06-24,2025-07,2481.1,197.51,82.56,38.89,0.03334,26
P002-2023-06-0011,P002,2023-06-24,2025-08,2491.74,59.47,113.55,43.43,0.0314,27
P002-2023-06-0011,P002,2023-06-24,2025-09,2322.75,204.47,87.28,51.8,0.02703,28
P002-2023-06-0012,P002,2023-06-17,2025-07,2034.94,148.15,48.63,76.13,0.02735,26
P002-2023-06-0012,P002,2023-06-17,2025-08,1979.9,96.08,59.27,18.22,0.0287,27
P002-2023-06-0012,P002,2023-06-17,2025-09,2004.39,0.0,69.62,45.14,0.02981,28
P002-2023-06-0017,P002,2023-06-21,2025-07,1147.71,45.72,56.73,10.89,0.03167,26
P002-2023-06-0017,P002,2023-06-21,2025-08,1101.71,100.81,67.04,12.23,0.03268,27
P002-2023-06-0017,P002,2023-06-21,2025-09,1044.44,89.22,37.43,5.49,0.02378,28
P002-2023-06-0021,P002,2023-06-19,2025-07,991.97,73.65,44.67,2.18,0.03258,26
P002-2023-06-0021,P002,2023-06-19,2025-08,965.09,26.88,0.0,0.0,0.02728,27
P002-2023-06-0021,P002,2023-06-19,2025-09,945.08,39.96,36.08,16.13,0.02995,28
P002-2023-06-0031,P002,2023-06-09,2025-07,1329.96,104.31,34.31,21.73,0.02722,26
P002-2023-06-0031,P002,2023-06-09,2025-08,1305.98,102.33,78.35,0.0,0.03194,27
P002-2023-06-0031,P002,2023-06-09,2025-09,1216.21,74.79,0.0,14.97,0.0316,28
P002-2023-06-0034,P002,2023-06-14,2025-07,4184.55,236.96,208.52,72.57,0.03223,26
P002-2023-07-0006,P002,2023-07-08,2025-07,1566.08,120.25,66.11,30.28,0.02877,25
P002-2023-07-0006,P002,2023-07-08,2025-08,1549.83,21.29,5.04,0.0,0.02469,26
P002-2023-07-0006,P002,2023-07-08,2025-09,1440.96,132.75,49.09,25.21,0.02402,27
P002-2023-07-0009,P002,2023-07-16,2025-07,3045.17,223.02,25.74,10.57,0.02986,25
P002-2023-07-0009,P002,2023-07-16,2025-08,3058.26,160.46,185.28,11.73,0.0252,26
P002-2023-07-0009,P002,2023-07-16,2025-09,2818.46,280.79,78.1,37.11,0.03062,27
P002-2023-07-0019,P002,2023-07-23,2025-07,3791.31,131.35,137.11,19.97,0.02616,25
P002-2023-07-0019,P002,2023-07-23,2025-08,3838.92,224.27,301.85,29.96,0.0276,26
P002-2023-07-0019,P002,2023-07-23,2025-09,3503.11,293.87,1.91,43.86,0.02872,27
P002-2023-07-0022,P002,2023-07-10,2025-07,1533.95,72.05,78.77,34.16,0.02892,25
P002-2023-07-0022,P002,2023-07-10,2025-08,1546.73,43.42,84.9,28.71,0.02761,26
P002-2023-07-0022,P002,2023-07-10,2025-09,1523.26,85.25,80.83,19.05,0.03198,27
P002-2023-07-0025,P002,2023-07-06,2025-07,1999.63,183.38,76.15,0.0,0.02881,25
P002-2023-07-0034,P002,2023-07-01,2025-07,2038.81,228.95,113.53,0.0,0.0271,25
P002-2023-07-0034,P002,2023-07-01,2025-08,1925.39,171.31,73.1,15.2,0.03126,26
P002-2023-07-0034,P002,2023-07-01,2025-09,1985.79,51.28,132.66,20.99,0.01978,27
P002-2023-08-0000,P002,2023-08-03,2025-07,3292.08,336.35,7.37,40.97,0.03151,24
P002-2023-08-0000,P002,2023-08-03,2025-08,3302.97,119.1,158.96,28.97,0.02827,25
P002-2023-08-0000,P002,2023-08-03,2025-09,3367.2,29.73,112.21,18.25,0.03039,26
P002-2023-08-0001,P002,2023-08-10,2025-07,1087.4,55.12,36.53,38.42,0.0278,24
P002-2023-08-0001,P002,2023-08-10,2025-08,1054.46,101.19,69.09,0.84,0.02439,25
P002-2023-08-0001,P002,2023-08-10,2025-09,1015.27,47.73,20.1,11.56,0.03182,26
P002-2023-08-0017,P002,2023-08-11,2025-07,4944.24,389.65,133.6,41.08,0.02987,24
P002-2023-08-0017,P002,2023-08-11,2025-08,4722.28,251.85,118.29,88.4,0.03036,25
P002-2023-08-0017,P002,2023-08-11,2025-09,4451.64,397.93,165.26,37.96,0.03155,26
P002-2023-08-0023,P002,2023-08-27,2025-07,2686.43,178.38,110.26,20.66,0.03096,24
P002-2023-08-0023,P002,2023-08-27,2025-08,2627.04,148.29,103.44,14.54,0.02594,25
P002-2023-08-0023,P002,2023-08-27,2025-09,2660.87,84.98,122.81,4.0,0.02377,26
P002-2023-08-0027,P002,2023-08-11,2025-07,1075.25,98.61,33.76,4.61,0.02753,24
P002-2023-08-0027,P002,2023-08-11,2025-08,1027.03,88.91,40.69,0.0,0.02945,25
P002-2023-08-0027,P002,2023-08-11,2025-09,1007.87,47.16,38.88,10.89,0.02568,26
P002-2023-09-0001,P002,2023-09-10,2025-07,1116.81,82.36,8.1,15.64,0.02594,23
P002-2023-09-0001,P002,2023-09-10,2025-08,1144.98,47.54,90.85,15.14,0.03065,24
P002-2023-09-0001,P002,2023-09-10,2025-09,1066.45,100.08,24.57,3.02,0.03079,25
P002-2023-09-0002,P002,2023-09-16,2025-07,3412.01,419.72,95.27,15.94,0.02339,23
P002-2023-09-0002,P002,2023-09-16,2025-08,3447.58,173.9,228.07,18.6,0.02402,24
P002-2023-09-0002,P002,2023-09-16,2025-09,3425.29,190.64,168.35,0.0,0.03554,25
P002-2023-09-0009,P002,2023-09-22,2025-07,1274.3,27.84,60.89,14.38,0.02607,23
P002-2023-09-0009,P002,2023-09-22,2025-08,1182.68,110.32,26.98,8.28,0.02565,24
P002-2023-09-0009,P002,2023-09-22,2025-09,1204.32,38.2,74.28,14.44,0.02928,25
P002-2023-09-0010,P002,2023-09-05,2025-07,3489.0,166.1,4.13,77.51,0.02439,23
P002-2023-09-0010,P002,2023-09-05,2025-08,3438.36,98.03,94.28,46.89,0.02963,24
P002-2023-09-0010,P002,2023-09-05,2025-09,3348.51,199.05,157.04,47.85,0.03249,25
P002-2023-09-0017,P002,2023-09-06,2025-07,2846.53,171.06,0.0,4.39,0.0243,23
P002-2023-09-0017,P002,2023-09-06,2025-08,2526.91,349.0,58.33,28.95,0.02773,24
P002-2023-09-0017,P002,2023-09-06,2025-09,2467.2,103.66,127.86,83.9,0.0283,25
P002-2023-09-0020,P002,2023-09-24,2025-07,882.41,105.37,74.83,6.18,0.02633,23
P002-2023-09-0020,P002,2023-09-24,2025-08,863.69,31.52,17.75,4.94,0.02156,24
P002-2023-09-0020,P002,2023-09-24,2025-09,857.61,32.96,47.93,21.05,0.02864,25
P002-2023-09-0027,P002,2023-09-13,2025-07,1540.09,0.0,105.29,35.7,0.02453,23
P002-2023-09-0027,P002,2023-09-13,2025-08,1506.85,118.32,106.22,21.14,0.02914,24
P002-2023-09-0027,P002,2023-09-13,2025-09,1412.28,102.68,20.19,12.09,0.02356,25
P002-2023-09-0028,P002,2023-09-14,2025-07,1588.49,77.61,126.3,38.29,0.02298,23
P002-2023-09-0030,P002,2023-09-24,2025-07,1941.87,150.11,135.58,15.43,0.02887,23
P002-2023-09-0030,P002,2023-09-24,2025-08,1821.09,152.55,85.22,53.46,0.02713,24
P002-2023-10-0002,P002,2023-10-01,2025-07,2474.99,38.93,104.87,20.3,0.03158,22
P002-2023-10-0002,P002,2023-10-01,2025-08,2431.05,33.1,50.32,61.16,0.02665,23
P002-2023-10-0002,P002,2023-10-01,2025-09,2295.3,172.13,65.65,29.27,0.0281,24
P002-2023-10-0003,P002,2023-10-16,2025-07,2883.41,300.83,132.51,10.72,0.02782,22
P002-2023-10-0003,P002,2023-10-16,2025-08,2670.13,220.86,80.39,72.81,0.02684,23
P002-2023-10-0003,P002,2023-10-16,2025-09,2561.23,147.25,76.39,38.04,0.03127,24
P002-2023-10-0005,P002,2023-10-17,2025-07,1904.24,176.32,94.45,11.1,0.02991,22
P002-2023-10-0005,P002,2023-10-17,2025-08,1853.48,95.79,67.62,22.59,0.02547,23
P002-2023-10-0005,P002,2023-10-17,2025-09,1815.64,86.83,48.99,0.0,0.02769,24
P002-2023-10-0009,P002,2023-10-14,2025-07,2657.55,24.19,122.72,5.65,0.0251,22
P002-2023-10-0009,P002,2023-10-14,2025-08,2719.98,56.32,147.12,28.38,0.02867,23
P002-2023-10-0009,P002,2023-10-14,2025-09,2588.84,210.66,82.25,2.72,0.02601,24
P002-2023-10-0010,P002,2023-10-03,2025-07,3243.66,167.7,178.19,17.27,0.02743,22
P002-2023-10-0011,P002,2023-10-11,2025-07,2344.59,222.18,18.74,0.0,0.02507,22
P002-2023-10-0011,P002,2023-10-11,2025-08,2339.69,105.55,107.12,6.47,0.02645,23
P002-2023-10-0011,P002,2023-10-11,2025-09,2203.07,168.08,56.22,24.77,0.027,24
P002-2023-10-0014,P002,2023-10-15,2025-07,2013.57,115.0,68.54,25.5,0.02655,22
P002-2023-10-0014,P002,2023-10-15,2025-08,2001.89,98.94,87.26,0.0,0.02305,23
P002-2023-10-0014,P002,2023-10-15,2025-09,1986.33,125.95,112.45,2.06,0.03147,24
P002-2023-10-0015,P002,2023-10-19,2025-07,2383.16,157.96,90.13,17.22,0.02942,22
P002-2023-10-0015,P002,2023-10-19,2025-08,2312.87,117.77,86.74,39.26,0.02503,23
P002-2023-10-0015,P002,2023-10-19,2025-09,2142.47,191.15,48.25,27.51,0.02632,24
P002-2023-10-0016,P002,2023-10-17,2025-07,566.46,58.62,26.19,12.79,0.02529,22
P002-2023-10-0022,P002,2023-10-06,2025-07,4810.38,376.43,278.15,14.54,0.0294,22
P002-2023-10-0022,P002,2023-10-06,2025-08,4596.16,480.55,313.95,47.62,0.02557,23
P002-2023-10-0022,P002,2023-10-06,2025-09,4493.22,148.55,83.28,37.67,0.02591,24
P002-2023-10-0023,P002,2023-10-17,2025-07,5555.37,158.09,398.96,92.07,0.02643,22
P002-2023-10-0023,P002,2023-10-17,2025-08,5327.7,421.71,228.97,34.93,0.02759,23
P002-2023-10-0023,P002,2023-10-17,2025-09,5248.21,410.58,388.47,57.39,0.02725,24
P002-2023-10-0026,P002,2023-10-05,2025-07,2039.83,172.07,66.03,10.66,0.02621,22
P002-2023-10-0026,P002,2023-10-05,2025-08,2047.72,89.36,97.24,0.0,0.03302,23
P002-2023-10-0026,P002,2023-10-05,2025-09,1977.39,120.2,57.74,7.87,0.03036,24
P002-2023-10-0028,P002,2023-10-12,2025-07,1967.84,0.0,90.31,5.5,0.02923,22
P002-2023-10-0028,P002,2023-10-12,2025-08,2014.93,45.77,132.2,39.35,0.0317,23
P002-2023-10-0028,P002,2023-10-12,2025-09,1904.17,88.43,0.0,22.33,0.02924,24
P002-2023-10-0029,P002,2023-10-11,2025-07,987.26,43.16,11.61,10.4,0.02811,22
P002-2023-10-0029,P002,2023-10-11,2025-08,932.51,120.5,79.4,13.65,0.0273,23
P002-2023-10-0029,P002,2023-10-11,2025-09,850.19,83.91,12.52,10.93,0.02915,24
P002-2023-10-0031,P002,2023-10-16,2025-07,481.63,81.45,34.45,8.09,0.02833,22
P002-2023-10-0031,P002,2023-10-16,2025-08,501.71,5.43,25.51,0.0,0.02884,23
P002-2023-10-0031,P002,2023-10-16,2025-09,498.49,33.95,33.78,3.06,0.02613,24
P002-2023-10-0032,P002,2023-10-17,2025-07,1928.39,124.85,74.5,35.13,0.02865,22
P002-2023-10-0032,P002,2023-10-17,2025-08,1931.08,142.43,145.12,0.0,0.02541,23
P002-2023-10-0032,P002,2023-10-17,2025-09,1885.06,142.05,127.16,31.14,0.03007,24
P002-2023-11-0002,P002,2023-11-01,2025-07,1280.23,36.39,57.97,25.99,0.02862,21
P002-2023-11-0002,P002,2023-11-01,2025-08,1144.2,150.59,45.9,31.35,0.02977,22
P002-2023-11-0002,P002,2023-11-01,2025-09,1136.58,50.32,42.69,0.0,0.03296,23
P002-2023-11-0003,P002,2023-11-23,2025-07,4430.41,292.52,233.07,80.54,0.02864,21
P002-2023-11-0006,P002,2023-11-21,2025-07,1234.79,64.38,17.48,10.6,0.02594,21
P002-2023-11-0006,P002,2023-11-21,2025-08,1235.63,78.24,80.19,1.1,0.02942,22
P002-2023-11-0006,P002,2023-11-21,2025-09,1164.56,82.3,11.23,0.0,0.02704,23
P002-2023-11-0007,P002,2023-11-07,2025-07,3024.81,257.48,85.98,42.97,0.02694,21
P002-2023-11-0007,P002,2023-11-07,2025-08,2719.93,254.55,0.67,51.0,0.03103,22
P002-2023-11-0007,P002,2023-11-07,2025-09,2719.01,134.26,168.44,35.1,0.0274,23
P002-2023-11-0008,P002,2023-11-04,2025-07,2008.01,14.72,103.48,41.98,0.02896,21
P002-2023-11-0008,P002,2023-11-04,2025-08,1786.4,214.8,48.34,55.15,0.0337,22
P002-2023-11-0008,P002,2023-11-04,2025-09,1636.94,188.62,60.24,21.07,0.02743,23
P002-2023-11-0009,P002,2023-11-23,2025-07,2345.11,158.75,103.6,55.05,0.02283,21
P002-2023-11-0011,P002,2023-11-04,2025-07,1533.67,209.23,103.8,21.53,0.03087,21
P002-2023-11-0011,P002,2023-11-04,2025-08,1535.76,36.02,67.19,29.07,0.03093,22
P002-2023-11-0011,P002,2023-11-04,2025-09,1472.66,140.79,84.17,6.48,0.03336,23
P002-2023-11-0017,P002,2023-11-14,2025-07,3393.61,401.54,110.56,23.51,0.02773,21
P002-2023-11-0017,P002,2023-11-14,2025-08,3405.88,74.01,86.28,0.0,0.02575,22
P002-2023-11-0017,P002,2023-11-14,2025-09,3305.63,137.27,113.15,76.13,0.02963,23
P002-2023-11-0021,P002,2023-11-12,2025-07,2698.75,57.43,133.35,54.11,0.02532,21
P002-2023-11-0021,P002,2023-11-12,2025-08,2636.52,134.43,123.9,51.7,0.02839,22
P002-2023-11-0021,P002,2023-11-12,2025-09,2508.08,130.61,25.61,23.43,0.02955,23
P002-2023-11-0023,P002,2023-11-23,2025-07,3642.21,153.35,179.24,2.66,0.02646,21
P002-2023-11-0023,P002,2023-11-23,2025-08,3414.9,316.03,130.43,41.71,0.02408,22
P002-2023-11-0023,P002,2023-11-23,2025-09,3167.39,291.53,95.55,51.54,0.02942,23
P002-2023-11-0024,P002,2023-11-22,2025-07,809.56,46.02,52.96,0.65,0.02485,21
P002-2023-11-0024,P002,2023-11-22,2025-08,769.29,48.58,19.02,10.7,0.02472,22
P002-2023-11-0024,P002,2023-11-22,2025-09,773.62,22.02,31.27,4.93,0.02137,23
P002-2023-11-0026,P002,2023-11-25,2025-07,5289.32,800.55,13.32,119.8,0.02694,21
P002-2023-11-0026,P002,2023-11-25,2025-08,5381.73,219.83,346.03,33.8,0.03035,22
P002-2023-11-0026,P002,2023-11-25,2025-09,5185.39,237.41,115.43,74.36,0.02649,23
P002-2023-11-0034,P002,2023-11-27,2025-07,2809.98,303.28,82.33,17.76,0.03246,21
P002-2023-11-0034,P002,2023-11-27,2025-08,2636.44,217.59,44.05,0.0,0.02477,22
P002-2023-11-0034,P002,2023-11-27,2025-09,2565.13,88.41,83.61,66.51,0.0303,23
P002-2023-11-0036,P002,2023-11-22,2025-07,6179.62,379.26,553.08,73.96,0.02754,21
P002-2023-11-0036,P002,2023-11-22,2025-08,6241.87,203.62,334.63,68.76,0.03258,22
P002-2023-11-0036,P002,2023-11-22,2025-09,6481.8,262.34,617.91,115.64,0.03386,23
P002-2023-11-0038,P002,2023-11-03,2025-07,1070.53,124.43,48.96,10.57,0.02765,21
P002-2023-11-0038,P002,2023-11-03,2025-08,983.04,94.32,38.09,31.26,0.02691,22
P002-2023-11-0038,P002,2023-11-03,2025-09,992.82,36.55,55.98,9.65,0.03171,23
P002-2023-12-0003,P002,2023-12-01,2025-07,2312.31,206.0,56.19,16.35,0.02863,20
P002-2023-12-0003,P002,2023-12-01,2025-08,2143.04,148.71,0.0,20.56,0.03199,21
P002-2023-12-0003,P002,2023-12-01,2025-09,1919.27,236.82,56.0,42.95,0.02898,22
P002-2023-12-0004,P002,2023-12-16,2025-07,2339.83,84.32,99.57,26.87,0.02629,20
P002-2023-12-0004,P002,2023-12-16,2025-08,2256.3,117.63,74.65,40.55,0.02555,21
P002-2023-12-0004,P002,2023-12-16,2025-09,2117.16,173.55,73.39,38.97,0.02557,22
P002-2023-12-0006,P002,2023-12-22,2025-07,1156.84,73.52,0.0,1.1,0.03078,20
P002-2023-12-0006,P002,2023-12-22,2025-08,1133.59,55.56,52.07,19.75,0.02758,21
P002-2023-12-0006,P002,2023-12-22,2025-09,1118.57,38.6,37.13,13.55,0.03179,22
P002-2023-12-0007,P002,2023-12-03,2025-07,1929.59,79.41,74.34,16.87,0.02461,20
P002-2023-12-0007,P002,2023-12-03,2025-08,1802.58,180.2,88.19,34.99,0.02497,21
P002-2023-12-0007,P002,2023-12-03,2025-09,1627.91,209.33,66.31,31.66,0.03169,22
P002-2023-12-0010,P002,2023-12-18,2025-07,1988.26,95.31,86.6,38.4,0.0294,20
P002-2023-12-0013,P002,2023-12-14,2025-07,2900.25,10.76,158.2,42.06,0.02969,20
P002-2023-12-0013,P002,2023-12-14,2025-08,2848.27,155.9,113.42,9.49,0.02902,21
P002-2023-12-0013,P002,2023-12-14,2025-09,2703.02,269.98,142.4,17.66,0.0245,22
P002-2023-12-0015,P002,2023-12-22,2025-07,1316.45,33.27,41.56,33.15,0.02841,20
P002-2023-12-0015,P002,2023-12-22,2025-08,1312.64,65.69,61.87,0.0,0.02689,21
P002-2023-12-0015,P002,2023-12-22,2025-09,1225.47,141.21,58.75,4.71,0.02378,22
P002-2023-12-0020,P002,2023-12-14,2025-07,3867.28,98.13,221.05,9.66,0.03101,20
P002-2023-12-0023,P002,2023-12-12,2025-07,2086.44,0.0,111.28,28.25,0.02762,20
P002-2023-12-0023,P002,2023-12-12,2025-08,2077.92,87.87,79.36,0.0,0.02734,21
P002-2023-12-0023,P002,2023-12-12,2025-09,1996.3,193.67,137.62,25.57,0.02808,22
P002-2023-12-0025,P002,2023-12-05,2025-07,2745.86,153.26,112.03,0.0,0.02428,20
P002-2023-12-0025,P002,2023-12-05,2025-08,2549.07,155.42,31.63,72.99,0.03439,21
P002-2023-12-0025,P002,2023-12-05,2025-09,2395.56,203.28,121.97,72.21,0.02932,22
P002-2023-12-0027,P002,2023-12-06,2025-07,1813.93,134.87,85.12,36.75,0.02649,20
P002-2023-12-0027,P002,2023-12-06,2025-08,1732.35,75.64,8.74,14.68,0.03162,21
P002-2023-12-0027,P002,2023-12-06,2025-09,1780.21,46.41,99.92,5.64,0.0228,22
P002-2023-12-0030,P002,2023-12-20,2025-07,4318.49,350.71,150.01,5.25,0.02567,20
P002-2023-12-0030,P002,2023-12-20,2025-08,3947.55,432.27,74.35,13.01,0.02747,21
P002-2024-01-0000,P002,2024-01-10,2025-07,3365.94,206.3,242.38,65.01,0.02314,19
P002-2024-01-0000,P002,2024-01-10,2025-08,3139.86,310.3,136.98,52.76,0.03203,20
P002-2024-01-0000,P002,2024-01-10,2025-09,3418.85,81.84,388.43,27.6,0.031,21
P002-2024-01-0001,P002,2024-01-15,2025-07,2052.2,42.48,35.24,15.3,0.02659,19
P002-2024-01-0001,P002,2024-01-15,2025-08,1981.14,146.33,92.9,17.64,0.0268,20
P002-2024-01-0001,P002,2024-01-15,2025-09,1903.91,155.76,92.93,14.4,0.02677,21
P002-2024-01-0002,P002,2024-01-19,2025-07,3857.84,105.17,143.37,28.43,0.03015,19
P002-2024-01-0002,P002,2024-01-19,2025-08,3729.47,192.88,170.01,105.5,0.03134,20
P002-2024-01-0002,P002,2024-01-19,2025-09,3493.35,217.5,59.18,77.8,0.02991,21
P002-2024-01-0004,P002,2024-01-15,2025-07,2779.24,206.62,21.25,62.62,0.02988,19
P002-2024-01-0004,P002,2024-01-15,2025-08,2722.53,119.28,75.82,13.25,0.02816,20
P002-2024-01-0004,P002,2024-01-15,2025-09,2462.19,228.51,9.62,41.44,0.02654,21
P002-2024-01-0006,P002,2024-01-05,2025-07,1304.16,115.17,74.16,0.0,0.03141,19
P002-2024-01-0006,P002,2024-01-05,2025-08,1210.82,105.03,41.5,29.81,0.02942,20
P002-2024-01-0006,P002,2024-01-05,2025-09,1210.19,21.97,31.4,10.07,0.02575,21
P002-2024-01-0013,P002,2024-01-19,2025-07,6814.89,701.74,327.55,36.82,0.03474,19
P002-2024-01-0013,P002,2024-01-19,2025-08,6795.02,448.01,460.61,32.46,0.02911,20
P002-2024-01-0013,P002,2024-01-19,2025-09,6511.23,398.72,160.72,45.79,0.02586,21
P002-2024-01-0020,P002,2024-01-03,2025-07,1596.33,154.68,124.69,0.0,0.02883,19
P002-2024-01-0020,P002,2024-01-03,2025-08,1678.45,22.99,114.47,9.35,0.03155,20
P002-2024-01-0020,P002,2024-01-03,2025-09,1569.17,182.95,84.86,11.19,0.02464,21
P002-2024-01-0021,P002,2024-01-20,2025-07,1119.4,28.08,44.53,27.87,0.02849,19
P002-2024-01-0021,P002,2024-01-20,2025-08,1100.84,50.69,55.45,23.32,0.02513,20
P002-2024-01-0021,P002,2024-01-20,2025-09,1102.71,21.31,23.18,0.0,0.03177,21
P002-2024-01-0024,P002,2024-01-09,2025-07,5435.55,160.01,375.57,57.77,0.02833,19
P002-2024-01-0024,P002,2024-01-09,2025-08,5125.08,354.48,180.06,136.05,0.02427,20
P002-2024-01-0024,P002,2024-01-09,2025-09,5359.11,0.0,289.41,55.37,0.03027,21
P002-2024-01-0026,P002,2024-01-16,2025-07,819.89,79.92,41.48,9.49,0.0275,19
P002-2024-01-0026,P002,2024-01-16,2025-08,844.39,53.97,78.47,0.0,0.03175,20
P002-2024-01-0026,P002,2024-01-16,2025-09,781.38,95.83,36.69,3.87,0.02686,21
P002-2024-01-0028,P002,2024-01-06,2025-07,1475.67,40.75,45.98,11.81,0.03019,19
P002-2024-01-0028,P002,2024-01-06,2025-08,1521.66,40.37,99.0,12.64,0.02543,20
P002-2024-01-0028,P002,2024-01-06,2025-09,1548.66,0.56,45.32,17.76,0.02875,21
P002-2024-01-0032,P002,2024-01-20,2025-07,1441.33,90.47,26.4,45.41,0.02446,19
P002-2024-01-0032,P002,2024-01-20,2025-08,1305.59,133.91,26.81,28.64,0.03151,20
P002-2024-01-0032,P002,2024-01-20,2025-09,1309.77,51.79,77.61,21.64,0.02611,21
P002-2024-02-0000,P002,2024-02-20,2025-07,1453.62,204.48,28.8,17.73,0.02678,18
P002-2024-02-0000,P002,2024-02-20,2025-08,1429.52,61.57,73.4,35.93,0.02389,19
P002-2024-02-0000,P002,2024-02-20,2025-09,1356.09,81.56,19.36,11.24,0.02838,20
P002-2024-02-0003,P002,2024-02-09,2025-07,1109.54,23.69,42.01,10.68,0.02577,18
P002-2024-02-0003,P002,2024-02-09,2025-08,995.83,95.46,5.16,23.41,0.02764,19
P002-2024-02-0003,P002,2024-02-09,2025-09,960.63,81.74,86.27,39.73,0.02818,20
P002-2024-02-0004,P002,2024-02-07,2025-07,4667.8,297.11,209.9,29.11,0.03102,18
P002-2024-02-0004,P002,2024-02-07,2025-08,4360.61,491.44,207.47,23.22,0.02903,19
P002-2024-02-0004,P002,2024-02-07,2025-09,4361.85,267.46,329.17,60.46,0.03081,20
P002-2024-02-0005,P002,2024-02-22,2025-07,3776.6,220.81,186.39,54.22,0.03313,18
P002-2024-02-0005,P002,2024-02-22,2025-08,3652.39,172.89,117.23,68.56,0.02692,19
P002-2024-02-0005,P002,2024-02-22,2025-09,3465.94,190.69,38.63,34.4,0.02992,20
P002-2024-02-0007,P002,2024-02-14,2025-07,2037.37,158.01,54.48,16.24,0.027,18
P002-2024-02-0007,P002,2024-02-14,2025-08,1880.63,241.12,84.38,0.0,0.03201,19
P002-2024-02-0008,P002,2024-02-22,2025-07,1488.5,68.02,88.27,3.3,0.0239,18
P002-2024-02-0008,P002,2024-02-22,2025-08,1454.74,47.07,48.57,35.26,0.02974,19
P002-2024-02-0008,P002,2024-02-22,2025-09,1444.67,51.08,47.8,6.8,0.03096,20
P002-2024-02-0009,P002,2024-02-05,2025-07,4548.76,175.63,211.37,69.57,0.03312,18
P002-2024-02-0009,P002,2024-02-05,2025-08,4541.7,188.76,216.45,34.76,0.02504,19
P002-2024-02-0009,P002,2024-02-05,2025-09,4249.13,398.37,142.49,36.68,0.02192,20
P002-2024-02-0010,P002,2024-02-20,2025-07,1644.3,66.42,91.18,26.26,0.02223,18
P002-2024-02-0010,P002,2024-02-20,2025-08,1573.02,140.1,96.12,27.3,0.02299,19
P002-2024-02-0010,P002,2024-02-20,2025-09,1490.97,114.67,32.62,0.0,0.02773,20
P002-2024-02-0012,P002,2024-02-22,2025-07,3009.85,188.35,92.12,35.01,0.03052,18
P002-2024-02-0012,P002,2024-02-22,2025-08,2857.79,107.49,19.76,64.33,0.02642,19
P002-2024-02-0012,P002,2024-02-22,2025-09,2775.82,148.69,117.81,51.09,0.02689,20
P002-2024-02-0013,P002,2024-02-26,2025-07,1040.48,52.67,42.07,6.7,0.02503,18
P002-2024-02-0013,P002,2024-02-26,2025-08,1022.09,70.67,54.32,2.04,0.02423,19
P002-2024-02-0013,P002,2024-02-26,2025-09,965.16,67.93,32.54,21.54,0.02247,20
P002-2024-02-0014,P002,2024-02-12,2025-07,3247.49,40.62,98.18,0.0,0.02867,18
P002-2024-02-0014,P002,2024-02-12,2025-08,3161.33,244.09,157.93,0.0,0.02006,19
P002-2024-02-0014,P002,2024-02-12,2025-09,3050.73,263.27,180.04,27.37,0.02768,20
P002-2024-02-0017,P002,2024-02-15,2025-07,2708.17,233.04,131.8,0.0,0.02709,18
P002-2024-02-0017,P002,2024-02-15,2025-08,2664.2,119.21,105.21,29.97,0.026,19
P002-2024-02-0018,P002,2024-02-06,2025-07,3878.4,354.0,200.01,12.46,0.02444,18
P002-2024-02-0018,P002,2024-02-06,2025-08,3627.07,423.94,241.72,69.1,0.02876,19
P002-2024-02-0018,P002,2024-02-06,2025-09,3572.71,188.73,148.51,14.15,0.03162,20
P002-2024-02-0020,P002,2024-02-11,2025-07,2420.2,129.51,82.98,54.63,0.02365,18
P002-2024-02-0020,P002,2024-02-11,2025-08,2346.17,143.87,110.51,40.68,0.03151,19
P002-2024-02-0020,P002,2024-02-11,2025-09,2252.78,171.3,124.44,46.52,0.02917,20
P002-2024-02-0023,P002,2024-02-03,2025-07,4909.77,383.34,226.89,58.15,0.02787,18
P002-2024-02-0023,P002,2024-02-03,2025-08,4959.96,221.68,271.87,0.0,0.02991,19
P002-2024-02-0023,P002,2024-02-03,2025-09,4701.99,337.11,125.9,46.76,0.02938,20
P002-2024-02-0029,P002,2024-02-15,2025-07,3291.67,0.0,134.57,47.16,0.03236,18
P002-2024-02-0029,P002,2024-02-15,2025-08,2973.13,394.34,75.8,0.0,0.02902,19
P002-2024-02-0029,P002,2024-02-15,2025-09,2821.61,300.56,197.8,48.77,0.02731,20
P002-2024-02-0030,P002,2024-02-05,2025-07,1306.27,113.84,53.61,49.93,0.02647,18
P002-2024-02-0030,P002,2024-02-05,2025-08,1212.48,80.91,0.0,12.88,0.02966,19
P002-2024-02-0034,P002,2024-02-14,2025-07,5368.12,442.84,165.62,20.17,0.03365,18
P002-2024-02-0034,P002,2024-02-14,2025-08,5256.33,190.75,84.53,5.57,0.02812,19
P002-2024-02-0034,P002,2024-02-14,2025-09,4770.5,622.29,158.2,21.74,0.02591,20
P002-2024-03-0000,P002,2024-03-01,2025-07,1752.54,142.21,115.5,37.28,0.02887,17
P002-2024-03-0001,P002,2024-03-11,2025-07,1722.26,172.22,45.72,0.0,0.02762,17
P002-2024-03-0001,P002,2024-03-11,2025-08,1623.13,148.95,63.71,13.9,0.03014,18
P002-2024-03-0001,P002,2024-03-11,2025-09,1557.9,57.18,22.99,31.04,0.02763,19
P002-2024-03-0004,P002,2024-03-02,2025-07,13445.51,812.26,654.39,0.0,0.02623,17
P002-2024-03-0004,P002,2024-03-02,2025-08,13030.97,707.44,662.46,369.56,0.02567,18
P002-2024-03-0004,P002,2024-03-02,2025-09,12467.13,706.41,382.57,240.0,0.0263,19
P002-2024-03-0010,P002,2024-03-09,2025-07,3954.78,214.75,190.05,30.51,0.02282,17
P002-2024-03-0010,P002,2024-03-09,2025-08,3726.7,196.98,19.84,50.93,0.02704,18
P002-2024-03-0010,P002,2024-03-09,2025-09,3646.32,409.15,328.77,0.0,0.02746,19
P002-2024-03-0014,P002,2024-03-11,2025-07,2976.3,292.82,25.02,42.54,0.02576,17
P002-2024-03-0014,P002,2024-03-11,2025-08,2944.48,140.04,126.33,18.1,0.02996,18
P002-2024-03-0014,P002,2024-03-11,2025-09,2889.01,218.7,199.59,36.36,0.02896,19
P002-2024-03-0015,P002,2024-03-13,2025-07,4469.93,178.89,117.36,82.73,0.02459,17
P002-2024-03-0015,P002,2024-03-13,2025-08,4195.46,317.12,85.55,42.91,0.03289,18
P002-2024-03-0015,P002,2024-03-13,2025-09,4040.54,230.66,75.73,0.0,0.02061,19
P002-2024-03-0016,P002,2024-03-12,2025-07,7437.38,75.74,435.97,44.38,0.0298,17
P002-2024-03-0016,P002,2024-03-12,2025-08,7407.0,178.43,394.19,246.13,0.02582,18
P002-2024-03-0016,P002,2024-03-12,2025-09,7525.64,158.16,276.8,0.0,0.02625,19
P002-2024-03-0017,P002,2024-03-17,2025-07,2696.61,317.82,90.75,0.0,0.02948,17
P002-2024-03-0017,P002,2024-03-17,2025-08,2732.83,118.3,162.28,7.76,0.03236,18
P002-2024-03-0017,P002,2024-03-17,2025-09,2625.66,165.11,90.54,32.59,0.02918,19
P002-2024-03-0020,P002,2024-03-12,2025-07,3255.57,152.41,320.46,59.32,0.02997,17
P002-2024-03-0020,P002,2024-03-12,2025-08,3502.59,8.68,291.9,36.19,0.02585,18
P002-2024-03-0020,P002,2024-03-12,2025-09,3296.5,320.63,114.54,0.0,0.0238,19
P002-2024-03-0021,P002,2024-03-23,2025-07,7614.4,339.99,782.68,0.0,0.02632,17
P002-2024-03-0021,P002,2024-03-23,2025-08,7083.2,539.0,127.06,119.25,0.02751,18
P002-2024-03-0021,P002,2024-03-23,2025-09,7021.83,292.53,231.15,0.0,0.0272,19
P002-2024-03-0025,P002,2024-03-06,2025-07,2231.44,84.12,0.0,28.14,0.02506,17
P002-2024-03-0025,P002,2024-03-06,2025-08,2158.01,73.12,10.41,10.73,0.02446,18
P002-2024-03-0025,P002,2024-03-06,2025-09,2059.74,200.7,114.32,11.88,0.02833,19
P002-2024-03-0027,P002,2024-03-06,2025-07,2799.55,99.38,20.16,66.38,0.02944,17
P002-2024-03-0027,P002,2024-03-06,2025-08,2750.04,83.91,102.15,67.76,0.02774,18
P002-2024-03-0027,P002,2024-03-06,2025-09,2761.49,94.06,105.51,0.0,0.03389,19
P002-2024-03-0028,P002,2024-03-25,2025-07,5995.93,229.19,363.21,141.27,0.02928,17
P002-2024-03-0028,P002,2024-03-25,2025-08,5854.54,375.88,378.02,143.53,0.0242,18
P002-2024-03-0028,P002,2024-03-25,2025-09,5784.04,193.76,255.8,132.53,0.02412,19
P002-2024-03-0029,P002,2024-03-03,2025-07,9624.33,673.72,542.52,87.46,0.02508,17
P002-2024-03-0029,P002,2024-03-03,2025-08,8654.78,1077.78,189.95,81.72,0.02478,18
P002-2024-03-0029,P002,2024-03-03,2025-09,7940.53,669.0,168.88,214.14,0.03076,19
P002-2024-03-0030,P002,2024-03-12,2025-07,2389.27,205.02,147.18,0.0,0.02796,17
P002-2024-03-0030,P002,2024-03-12,2025-08,2367.75,154.06,132.54,0.0,0.02918,18
P002-2024-03-0030,P002,2024-03-12,2025-09,2091.91,208.79,0.0,67.06,0.03347,19
P002-2024-03-0032,P002,2024-03-05,2025-07,4701.29,484.41,238.13,117.65,0.02738,17
P002-2024-03-0032,P002,2024-03-05,2025-08,4616.38,165.29,134.63,54.25,0.0266,18
P002-2024-03-0032,P002,2024-03-05,2025-09,4386.26,366.54,167.76,31.34,0.0263,19
P002-2024-03-0033,P002,2024-03-10,2025-07,1573.44,128.94,32.73,44.4,0.02861,17
P002-2024-03-0033,P002,2024-03-10,2025-08,1532.14,110.72,90.32,20.89,0.02994,18
P002-2024-03-0033,P002,2024-03-10,2025-09,1422.95,140.18,61.02,30.03,0.0282,19
P002-2024-03-0037,P002,2024-03-08,2025-07,1936.29,142.75,96.49,14.09,0.03314,17
P002-2024-03-0037,P002,2024-03-08,2025-08,1784.01,140.24,16.99,29.02,0.02911,18
P002-2024-03-0037,P002,2024-03-08,2025-09,1703.35,137.45,56.78,0.0,0.02682,19
P002-2024-03-0038,P002,2024-03-03,2025-07,2181.24,197.82,105.85,26.33,0.02734,17
P002-2024-03-0038,P002,2024-03-03,2025-08,2187.92,7.51,32.3,18.1,0.02509,18
P002-2024-03-0038,P002,2024-03-03,2025-09,2156.95,94.64,109.24,45.56,0.03091,19
P002-2024-03-0039,P002,2024-03-08,2025-07,2492.51,80.99,97.34,26.69,0.02721,17
P002-2024-03-0039,P002,2024-03-08,2025-08,2387.24,232.52,130.21,2.96,0.02091,18
P002-2024-03-0039,P002,2024-03-08,2025-09,2211.2,196.46,51.13,30.7,0.03054,19
P002-2024-04-0000,P002,2024-04-08,2025-07,2232.93,203.05,91.56,19.95,0.03221,16
P002-2024-04-0001,P002,2024-04-16,2025-07,2073.56,114.09,90.87,8.77,0.03214,16
P002-2024-04-0003,P002,2024-04-16,2025-07,3157.64,225.01,228.24,51.48,0.03192,16
P002-2024-04-0003,P002,2024-04-16,2025-08,3040.32,220.66,148.94,45.61,0.02652,17
P002-2024-04-0003,P002,2024-04-16,2025-09,2873.12,214.53,47.32,0.0,0.02806,18
P002-2024-04-0009,P002,2024-04-16,2025-07,2021.83,44.32,97.73,15.44,0.02761,16
P002-2024-04-0009,P002,2024-04-16,2025-08,1896.92,178.19,78.73,25.45,0.02915,17
P002-2024-04-0009,P002,2024-04-16,2025-09,1830.41,92.49,32.26,6.28,0.0287,18
P002-2024-04-0012,P002,2024-04-15,2025-07,2137.54,185.7,116.59,9.5,0.02971,16
P002-2024-04-0012,P002,2024-04-15,2025-08,2056.31,117.72,73.05,36.56,0.03262,17
P002-2024-04-0012,P002,2024-04-15,2025-09,2030.98,132.86,123.67,16.13,0.02506,18
P002-2024-04-0013,P002,2024-04-25,2025-07,2426.34,72.65,0.0,0.0,0.02676,16
P002-2024-04-0013,P002,2024-04-25,2025-08,2484.14,0.0,57.8,0.0,0.02856,17
P002-2024-04-0013,P002,2024-04-25,2025-09,2579.33,41.83,137.02,0.0,0.02692,18
P002-2024-04-0016,P002,2024-04-12,2025-07,2265.03,69.13,103.74,6.38,0.02657,16
P002-2024-04-0016,P002,2024-04-12,2025-08,2155.16,111.74,30.39,28.52,0.02496,17
P002-2024-04-0016,P002,2024-04-12,2025-09,2174.85,63.19,108.45,25.58,0.02902,18
P002-2024-04-0017,P002,2024-04-27,2025-07,3629.79,205.0,142.6,36.67,0.02798,16
P002-2024-04-0017,P002,2024-04-27,2025-08,3568.25,177.79,160.02,43.76,0.02922,17
P002-2024-04-0017,P002,2024-04-27,2025-09,3542.93,189.91,172.53,7.95,0.02778,18
P002-2024-04-0022,P002,2024-04-24,2025-07,4316.79,139.48,0.0,59.09,0.02955,16
P002-2024-04-0022,P002,2024-04-24,2025-08,4356.59,115.0,154.8,0.0,0.02786,17
P002-2024-04-0022,P002,2024-04-24,2025-09,4266.45,253.75,203.85,40.24,0.02747,18
P002-2024-04-0024,P002,2024-04-14,2025-07,2284.75,111.19,168.73,33.5,0.02764,16
P002-2024-04-0024,P002,2024-04-14,2025-08,2210.81,74.41,37.12,36.65,0.02549,17
P002-2024-04-0024,P002,2024-04-14,2025-09,2167.71,90.98,73.62,25.74,0.0298,18
P002-2024-04-0025,P002,2024-04-13,2025-07,4660.25,561.85,94.79,0.0,0.03138,16
P002-2024-04-0025,P002,2024-04-13,2025-08,4204.68,468.14,104.2,91.64,0.03632,17
P002-2024-04-0025,P002,2024-04-13,2025-09,3979.52,247.66,91.52,69.02,0.03427,18
P002-2024-04-0026,P002,2024-04-26,2025-07,4306.17,305.2,136.87,0.0,0.01787,16
P002-2024-04-0026,P002,2024-04-26,2025-08,4134.94,239.99,68.75,0.0,0.0261,17
P002-2024-04-0026,P002,2024-04-26,2025-09,3931.36,388.1,215.42,30.9,0.0283,18
P002-2024-04-0028,P002,2024-04-17,2025-07,2057.14,168.38,105.16,24.74,0.02918,16
P002-2024-04-0028,P002,2024-04-17,2025-08,2095.27,68.03,108.55,2.4,0.03255,17
P002-2024-04-0028,P002,2024-04-17,2025-09,2027.91,92.38,55.42,30.4,0.02751,18
P002-2024-04-0029,P002,2024-04-27,2025-07,4471.87,286.35,82.58,16.26,0.03394,16
P002-2024-04-0029,P002,2024-04-27,2025-08,4450.25,188.97,190.92,23.57,0.02928,17
P002-2024-04-0029,P002,2024-04-27,2025-09,4279.45,356.29,287.41,101.92,0.02284,18
P002-2024-04-0033,P002,2024-04-24,2025-07,2861.41,175.28,88.25,0.0,0.02843,16
P002-2024-04-0033,P002,2024-04-24,2025-08,2744.47,143.23,75.11,48.82,0.02761,17
P002-2024-04-0033,P002,2024-04-24,2025-09,2548.47,158.25,0.0,37.75,0.02564,18
P002-2024-04-0035,P002,2024-04-11,2025-07,1449.28,147.05,0.0,2.99,0.02319,16
P002-2024-04-0035,P002,2024-04-11,2025-08,1417.61,101.77,82.68,12.57,0.0246,17
P002-2024-04-0035,P002,2024-04-11,2025-09,1414.22,62.44,66.17,7.12,0.02752,18
P002-2024-04-0037,P002,2024-04-14,2025-07,7692.9,544.92,396.69,29.89,0.02803,16
P002-2024-04-0037,P002,2024-04-14,2025-08,7555.91,653.42,520.35,3.92,0.02517,17
P002-2024-04-0037,P002,2024-04-14,2025-09,6769.67,718.02,131.52,199.75,0.02858,18
P002-2024-04-0038,P002,2024-04-19,2025-07,1844.3,0.0,10.23,8.53,0.02923,16
P002-2024-04-0038,P002,2024-04-19,2025-08,1740.24,136.67,59.96,27.35,0.02893,17
P002-2024-04-0038,P002,2024-04-19,2025-09,1623.12,153.13,50.35,14.35,0.02691,18
P002-2024-05-0008,P002,2024-05-02,2025-07,6005.45,0.0,328.95,34.68,0.02975,15
P002-2024-05-0008,P002,2024-05-02,2025-08,5807.5,242.78,136.18,91.36,0.02725,16
P002-2024-05-0008,P002,2024-05-02,2025-09,5321.17,498.2,115.68,103.8,0.0281,17
P002-2024-05-0009,P002,2024-05-04,2025-07,1508.02,62.08,55.36,17.0,0.02679,15
P002-2024-05-0009,P002,2024-05-04,2025-08,1447.81,158.97,104.42,5.66,0.02815,16
P002-2024-05-0009,P002,2024-05-04,2025-09,1341.62,148.2,42.01,0.0,0.02996,17
P002-2024-05-0010,P002,2024-05-23,2025-07,2960.06,148.48,167.39,38.13,0.02903,15
P002-2024-05-0010,P002,2024-05-23,2025-08,2679.28,318.1,116.48,79.17,0.02105,16
P002-2024-05-0010,P002,2024-05-23,2025-09,2418.83,246.14,23.82,38.13,0.02717,17
P002-2024-05-0012,P002,2024-05-21,2025-07,9392.26,1049.48,633.03,160.01,0.03291,15
P002-2024-05-0012,P002,2024-05-21,2025-08,9336.71,734.19,694.88,16.24,0.02977,16
P002-2024-05-0012,P002,2024-05-21,2025-09,8932.75,774.01,405.58,35.53,0.03028,17
P002-2024-05-0018,P002,2024-05-01,2025-07,2280.7,301.3,79.06,37.5,0.03466,15
P002-2024-05-0018,P002,2024-05-01,2025-08,2102.23,185.59,77.52,70.39,0.03129,16
P002-2024-05-0018,P002,2024-05-01,2025-09,2087.48,127.13,117.86,5.48,0.03181,17
P002-2024-05-0021,P002,2024-05-16,2025-07,2931.84,407.34,193.03,37.89,0.02758,15
P002-2024-05-0021,P002,2024-05-16,2025-08,2694.48,240.81,36.07,32.62,0.02714,16
P002-2024-05-0021,P002,2024-05-16,2025-09,2662.52,171.16,149.4,10.2,0.02763,17
P002-2024-05-0023,P002,2024-05-17,2025-07,3194.49,231.74,132.6,50.69,0.03215,15
P002-2024-05-0023,P002,2024-05-17,2025-08,3318.77,96.96,266.49,45.25,0.026,16
P002-2024-05-0023,P002,2024-05-17,2025-09,3299.7,179.01,159.93,0.0,0.02834,17
P002-2024-05-0025,P002,2024-05-24,2025-07,4798.24,188.61,17.16,0.0,0.02754,15
P002-2024-05-0028,P002,2024-05-17,2025-07,5306.04,432.83,411.49,173.22,0.03583,15
P002-2024-05-0028,P002,2024-05-17,2025-08,5504.99,95.11,367.08,73.02,0.02935,16
P002-2024-05-0029,P002,2024-05-11,2025-07,4559.55,372.36,220.6,0.0,0.02749,15
P002-2024-05-0029,P002,2024-05-11,2025-08,4263.76,263.27,66.48,98.99,0.02761,16
P002-2024-05-0029,P002,2024-05-11,2025-09,4044.56,146.39,0.0,72.82,0.02831,17
P002-2024-05-0030,P002,2024-05-11,2025-07,2395.87,207.83,84.44,31.36,0.02669,15
P002-2024-05-0031,P002,2024-05-19,2025-07,6322.34,586.93,82.41,94.78,0.02954,15
P002-2024-05-0031,P002,2024-05-19,2025-08,5463.58,720.98,108.31,246.09,0.03017,16
P002-2024-05-0031,P002,2024-05-19,2025-09,5414.78,126.13,202.83,125.51,0.03153,17
P002-2024-05-0032,P002,2024-05-07,2025-07,954.04,86.06,25.83,15.86,0.02206,15
P002-2024-05-0032,P002,2024-05-07,2025-08,922.64,59.26,43.13,15.27,0.03082,16
P002-2024-05-0032,P002,2024-05-07,2025-09,894.78,48.64,31.82,11.04,0.032,17
P002-2024-05-0034,P002,2024-05-18,2025-07,1460.55,17.97,47.11,6.38,0.02988,15
P002-2024-05-0034,P002,2024-05-18,2025-08,1513.14,16.76,78.05,8.69,0.02855,16
P002-2024-05-0034,P002,2024-05-18,2025-09,1439.57,115.07,42.27,0.77,0.0299,17
P002-2024-06-0000,P002,2024-06-25,2025-07,2221.5,237.47,78.59,28.58,0.02692,14
P002-2024-06-0001,P002,2024-06-01,2025-07,3470.05,177.37,130.61,31.56,0.02375,14
P002-2024-06-0001,P002,2024-06-01,2025-08,3535.72,157.39,223.05,0.0,0.03131,15
P002-2024-06-0001,P002,2024-06-01,2025-09,3653.55,91.26,209.1,0.0,0.03173,16
P002-2024-06-0005,P002,2024-06-12,2025-07,5009.57,154.43,399.84,41.29,0.02682,14
P002-2024-06-0005,P002,2024-06-12,2025-08,4859.51,295.55,180.06,34.57,0.0296,15
P002-2024-06-0005,P002,2024-06-12,2025-09,4916.04,154.43,275.15,64.19,0.03001,16
P002-2024-06-0007,P002,2024-06-07,2025-07,2228.36,140.38,37.39,13.91,0.02722,14
P002-2024-06-0007,P002,2024-06-07,2025-08,2181.99,72.18,47.76,21.96,0.02351,15
P002-2024-06-0008,P002,2024-06-08,2025-07,8402.01,371.81,322.9,0.0,0.03134,14
P002-2024-06-0008,P002,2024-06-08,2025-08,7950.55,632.47,181.02,0.0,0.02426,15
P002-2024-06-0008,P002,2024-06-08,2025-09,7427.42,764.33,241.2,0.0,0.03556,16
P002-2024-06-0009,P002,2024-06-09,2025-07,4793.03,471.63,254.02,21.35,0.02535,14
P002-2024-06-0009,P002,2024-06-09,2025-08,4476.36,615.77,311.54,12.44,0.02913,15
P002-2024-06-0010,P002,2024-06-16,2025-07,883.56,74.12,13.56,13.83,0.03054,14
P002-2024-06-0010,P002,2024-06-16,2025-08,868.42,49.08,33.94,0.0,0.0307,15
P002-2024-06-0010,P002,2024-06-16,2025-09,826.29,55.79,13.83,0.17,0.02442,16
P002-2024-06-0013,P002,2024-06-27,2025-07,6437.92,32.05,290.31,59.05,0.03564,14
P002-2024-06-0013,P002,2024-06-27,2025-08,5711.44,887.68,161.2,0.0,0.02012,15
P002-2024-06-0013,P002,2024-06-27,2025-09,5731.39,27.7,47.64,0.0,0.0207,16
P002-2024-06-0014,P002,2024-06-21,2025-07,5662.15,567.96,393.16,69.51,0.02791,14
P002-2024-06-0014,P002,2024-06-21,2025-08,5466.98,361.06,213.98,48.09,0.02769,15
P002-2024-06-0014,P002,2024-06-21,2025-09,5194.13,261.09,85.32,97.09,0.02999,16
P002-2024-06-0015,P002,2024-06-23,2025-07,2074.41,173.56,92.86,14.87,0.0283,14
P002-2024-06-0015,P002,2024-06-23,2025-08,2099.89,45.32,103.04,32.24,0.02344,15
P002-2024-06-0015,P002,2024-06-23,2025-09,2039.98,130.43,86.22,15.69,0.02256,16
P002-2024-06-0016,P002,2024-06-18,2025-07,6292.84,666.29,360.08,66.8,0.03382,14
P002-2024-06-0016,P002,2024-06-18,2025-08,6197.1,221.48,243.73,117.99,0.03052,15
P002-2024-06-0016,P002,2024-06-18,2025-09,5984.47,420.87,290.13,81.88,0.03173,16
P002-2024-06-0018,P002,2024-06-10,2025-07,1647.97,86.35,66.19,24.02,0.02846,14
P002-2024-06-0018,P002,2024-06-10,2025-08,1670.46,58.9,90.68,9.28,0.0265,15
P002-2024-06-0018,P002,2024-06-10,2025-09,1598.11,120.1,69.61,21.86,0.02848,16
P002-2024-06-0019,P002,2024-06-09,2025-07,7842.33,544.26,580.62,0.0,0.02296,14
P002-2024-06-0019,P002,2024-06-09,2025-08,7484.25,462.26,239.26,135.09,0.02584,15
P002-2024-06-0019,P002,2024-06-09,2025-09,7619.4,404.13,539.28,0.0,0.03191,16
P002-2024-06-0020,P002,2024-06-10,2025-07,2748.05,89.2,99.26,47.19,0.02882,14
P002-2024-06-0020,P002,2024-06-10,2025-08,2560.92,349.42,165.35,3.07,0.02699,15
P002-2024-06-0020,P002,2024-06-10,2025-09,2379.48,255.11,135.7,62.03,0.02842,16
P002-2024-06-0021,P002,2024-06-09,2025-07,3655.29,436.99,200.99,32.53,0.02488,14
P002-2024-06-0021,P002,2024-06-09,2025-08,3287.5,417.79,60.19,10.19,0.02699,15
P002-2024-06-0021,P002,2024-06-09,2025-09,3048.05,299.73,94.32,34.04,0.02391,16
P002-2024-06-0022,P002,2024-06-08,2025-07,2878.76,251.19,70.23,57.02,0.02759,14
P002-2024-06-0022,P002,2024-06-08,2025-08,2661.66,227.33,69.87,59.64,0.02793,15
P002-2024-06-0022,P002,2024-06-08,2025-09,2721.96,3.72,126.1,62.07,0.02564,16
P002-2024-06-0024,P002,2024-06-23,2025-07,6129.83,519.6,401.95,35.77,0.02864,14
P002-2024-06-0024,P002,2024-06-23,2025-08,6244.4,46.14,169.49,8.78,0.02325,15
P002-2024-06-0024,P002,2024-06-23,2025-09,6318.96,279.36,396.19,42.27,0.02175,16
P002-2024-06-0025,P002,2024-06-18,2025-07,6965.36,466.42,410.09,0.0,0.02835,14
P002-2024-06-0025,P002,2024-06-18,2025-08,6675.01,480.24,196.61,6.72,0.02342,15
P002-2024-06-0025,P002,2024-06-18,2025-09,6291.45,518.7,176.88,41.74,0.02557,16
P002-2024-06-0026,P002,2024-06-06,2025-07,4147.79,250.04,121.22,68.6,0.03006,14
P002-2024-06-0026,P002,2024-06-06,2025-08,3965.35,367.0,197.37,12.8,0.02433,15
P002-2024-06-0026,P002,2024-06-06,2025-09,3820.26,336.81,195.07,3.36,0.02914,16
P002-2024-06-0027,P002,2024-06-14,2025-07,1168.83,91.16,78.06,14.47,0.0263,14
P002-2024-06-0027,P002,2024-06-14,2025-08,1027.53,135.44,2.7,8.56,0.03018,15
P002-2024-06-0027,P002,2024-06-14,2025-09,1008.43,59.36,64.18,23.92,0.03144,16
P002-2024-06-0028,P002,2024-06-09,2025-07,8593.36,411.69,463.38,0.0,0.02877,14
P002-2024-06-0028,P002,2024-06-09,2025-08,8485.2,420.72,455.0,142.44,0.02623,15
P002-2024-06-0028,P002,2024-06-09,2025-09,8447.0,447.75,409.54,0.0,0.02838,16
P002-2024-06-0030,P002,2024-06-25,2025-07,8654.08,314.91,267.02,71.15,0.02805,14
P002-2024-06-0030,P002,2024-06-25,2025-08,8725.67,164.42,350.41,114.4,0.03186,15
P002-2024-06-0030,P002,2024-06-25,2025-09,8901.54,188.29,460.48,96.32,0.0251,16
P002-2024-06-0034,P002,2024-06-11,2025-07,14163.92,535.4,332.1,72.61,0.0279,14
P002-2024-06-0034,P002,2024-06-11,2025-08,13626.04,1046.46,590.92,82.34,0.03043,15
P002-2024-06-0034,P002,2024-06-11,2025-09,12980.33,609.36,294.03,330.38,0.02592,16
P002-2024-06-0035,P002,2024-06-26,2025-07,2714.88,326.98,172.38,2.58,0.02744,14
P003-2023-06-0007,P003,2023-06-06,2025-07,4937.69,192.57,262.26,0.37,0.03044,26
P003-2023-06-0007,P003,2023-06-06,2025-08,5081.23,272.64,463.99,47.81,0.02861,27
P003-2023-06-0007,P003,2023-06-06,2025-09,4827.55,245.45,28.68,36.92,0.02675,28
P003-2023-06-0013,P003,2023-06-24,2025-07,4187.76,59.83,110.31,18.1,0.02739,26
P003-2023-06-0013,P003,2023-06-24,2025-08,4262.05,94.07,191.28,22.92,0.02921,27
P003-2023-06-0013,P003,2023-06-24,2025-09,4065.08,286.25,164.2,74.93,0.02444,28
P003-2023-06-0014,P003,2023-06-12,2025-07,1918.2,188.02,109.8,10.44,0.03213,26
P003-2023-06-0014,P003,2023-06-12,2025-08,1841.94,121.92,77.87,32.2,0.0365,27
P003-2023-06-0014,P003,2023-06-12,2025-09,1783.18,91.67,53.39,20.49,0.0259,28
P003-2023-06-0017,P003,2023-06-11,2025-07,2429.47,227.68,80.41,44.99,0.02745,26
P003-2023-06-0017,P003,2023-06-11,2025-08,2348.55,167.85,94.68,7.75,0.03333,27
P003-2023-06-0017,P003,2023-06-11,2025-09,2237.66,155.68,83.94,39.15,0.02865,28
P003-2023-06-0018,P003,2023-06-22,2025-07,1225.42,80.81,31.07,16.81,0.02887,26
P003-2023-06-0018,P003,2023-06-22,2025-08,1189.7,106.44,83.56,12.83,0.03177,27
P003-2023-06-0018,P003,2023-06-22,2025-09,1140.76,94.3,45.35,0.0,0.02539,28
P003-2023-06-0019,P003,2023-06-19,2025-07,8155.35,860.11,121.65,261.14,0.02886,26
P003-2023-06-0019,P003,2023-06-19,2025-08,8268.98,151.74,350.75,85.37,0.03357,27
P003-2023-06-0019,P003,2023-06-19,2025-09,8329.67,336.12,396.81,0.0,0.03133,28
P003-2023-06-0025,P003,2023-06-15,2025-07,3018.82,165.8,209.61,0.0,0.02872,26
P003-2023-06-0025,P003,2023-06-15,2025-08,3007.92,155.08,207.43,63.26,0.03084,27
P003-2023-06-0027,P003,2023-06-25,2025-07,1187.52,56.26,51.88,0.39,0.02869,26
P003-2023-06-0027,P003,2023-06-25,2025-08,1161.6,57.77,47.77,15.92,0.02992,27
P003-2023-06-0027,P003,2023-06-25,2025-09,1098.28,124.11,60.8,0.0,0.02638,28
P003-2023-06-0036,P003,2023-06-09,2025-07,2227.72,320.93,128.16,36.85,0.0312,26
P003-2023-06-0036,P003,2023-06-09,2025-08,2169.13,76.12,69.36,51.83,0.03412,27
P003-2023-06-0036,P003,2023-06-09,2025-09,2221.83,96.79,159.9,10.41,0.0294,28
P003-2023-06-0038,P003,2023-06-09,2025-07,544.47,13.66,39.45,11.01,0.03289,26
P003-2023-06-0038,P003,2023-06-09,2025-08,519.5,49.24,27.34,3.07,0.02941,27
P003-2023-06-0038,P003,2023-06-09,2025-09,483.69,54.81,30.73,11.73,0.02943,28
P003-2023-06-0041,P003,2023-06-20,2025-07,2045.42,207.89,85.6,55.03,0.03307,26
P003-2023-06-0041,P003,2023-06-20,2025-08,1925.24,149.94,40.51,10.76,0.03123,27
P003-2023-06-0041,P003,2023-06-20,2025-09,1915.18,50.84,73.54,32.76,0.03485,28
P003-2023-07-0006,P003,2023-07-02,2025-07,1419.78,100.98,112.59,0.0,0.03047,25
P003-2023-07-0006,P003,2023-07-02,2025-08,1286.69,105.56,18.74,46.28,0.03958,26
P003-2023-07-0006,P003,2023-07-02,2025-09,1311.99,66.99,92.3,0.0,0.03476,27
P003-2023-07-0009,P003,2023-07-06,2025-07,5054.17,176.89,138.3,113.93,0.02647,25
P003-2023-07-0009,P003,2023-07-06,2025-08,4817.5,354.44,202.21,84.43,0.02884,26
P003-2023-07-0009,P003,2023-07-06,2025-09,4591.39,366.69,184.73,44.15,0.03099,27
P003-2023-07-0010,P003,2023-07-18,2025-07,1781.01,176.57,52.93,12.05,0.02984,25
P003-2023-07-0010,P003,2023-07-18,2025-08,1643.25,154.74,44.62,27.64,0.03159,26
P003-2023-07-0010,P003,2023-07-18,2025-09,1551.03,121.98,50.49,20.74,0.03159,27
P003-2023-07-0016,P003,2023-07-14,2025-07,3479.62,94.63,147.71,39.71,0.02556,25
P003-2023-07-0016,P003,2023-07-14,2025-08,3484.45,76.87,135.73,54.02,0.031,26
P003-2023-07-0016,P003,2023-07-14,2025-09,3268.8,313.79,153.03,54.89,0.03095,27
P003-2023-07-0019,P003,2023-07-17,2025-07,5730.82,327.14,161.97,0.0,0.03201,25
P003-2023-07-0019,P003,2023-07-17,2025-08,5717.48,379.17,404.49,38.67,0.03339,26
P003-2023-07-0021,P003,2023-07-03,2025-07,1800.03,169.02,91.1,34.29,0.02838,25
P003-2023-07-0021,P003,2023-07-03,2025-08,1550.91,265.09,53.31,37.34,0.03337,26
P003-2023-07-0021,P003,2023-07-03,2025-09,1396.79,191.66,38.59,1.05,0.02854,27
P003-2023-07-0025,P003,2023-07-02,2025-07,3331.34,268.3,83.34,62.54,0.02747,25
P003-2023-07-0025,P003,2023-07-02,2025-08,3216.23,185.0,115.42,45.53,0.0319,26
P003-2023-07-0025,P003,2023-07-02,2025-09,3118.48,175.85,113.1,35.0,0.03215,27
P003-2023-07-0029,P003,2023-07-08,2025-07,2606.62,270.97,141.17,9.82,0.02655,25
P003-2023-07-0029,P003,2023-07-08,2025-08,2394.26,263.17,80.77,29.96,0.02865,26
P003-2023-07-0029,P003,2023-07-08,2025-09,2302.75,91.51,0.0,0.0,0.02767,27
P003-2023-07-0030,P003,2023-07-25,2025-07,1383.76,6.04,32.76,19.37,0.02888,25
P003-2023-07-0030,P003,2023-07-25,2025-08,1270.99,141.19,78.05,49.64,0.02573,26
P003-2023-07-0030,P003,2023-07-25,2025-09,1196.48,78.99,15.21,10.72,0.03118,27
P003-2023-07-0031,P003,2023-07-22,2025-07,1192.88,14.8,39.26,0.0,0.03192,25
P003-2023-07-0031,P003,2023-07-22,2025-08,1193.97,45.35,64.5,18.07,0.03405,26
P003-2023-07-0031,P003,2023-07-22,2025-09,1137.17,78.54,61.68,39.94,0.0225,27
P003-2023-07-0032,P003,2023-07-07,2025-07,3693.66,338.23,181.94,52.9,0.03422,25
P003-2023-07-0032,P003,2023-07-07,2025-08,3266.89,426.63,103.27,103.41,0.02997,26
P003-2023-07-0032,P003,2023-07-07,2025-09,3171.71,201.24,141.89,35.82,0.03119,27
P003-2023-07-0034,P003,2023-07-09,2025-07,1700.87,124.34,47.9,4.37,0.03267,25
P003-2023-07-0034,P003,2023-07-09,2025-08,1729.66,39.76,78.28,9.74,0.02637,26
P003-2023-07-0034,P003,2023-07-09,2025-09,1672.09,142.98,85.41,0.0,0.02658,27
P003-2023-07-0035,P003,2023-07-01,2025-07,1875.28,204.59,84.0,9.67,0.03313,25
P003-2023-07-0035,P003,2023-07-01,2025-08,1855.49,114.2,101.33,6.91,0.03281,26
P003-2023-07-0035,P003,2023-07-01,2025-09,1871.18,87.11,114.42,11.62,0.02558,27
P003-2023-08-0001,P003,2023-08-11,2025-07,1556.27,47.18,73.83,2.47,0.03326,24
P003-2023-08-0001,P003,2023-08-11,2025-08,1584.42,23.53,51.68,0.0,0.03256,25
P003-2023-08-0001,P003,2023-08-11,2025-09,1450.21,162.01,27.79,0.0,0.02748,26
P003-2023-08-0002,P003,2023-08-08,2025-07,3323.32,150.66,102.33,47.7,0.02741,24
P003-2023-08-0002,P003,2023-08-08,2025-08,3185.11,297.05,200.93,42.08,0.02553,25
P003-2023-08-0002,P003,2023-08-08,2025-09,3140.45,175.68,131.02,0.0,0.03228,26
P003-2023-08-0011,P003,2023-08-27,2025-07,1012.85,60.28,32.66,44.03,0.02851,24
P003-2023-08-0011,P003,2023-08-27,2025-08,999.83,66.34,60.34,7.02,0.02559,25
P003-2023-08-0011,P003,2023-08-27,2025-09,981.43,54.35,46.29,10.34,0.02633,26
P003-2023-08-0019,P003,2023-08-07,2025-07,1241.89,90.18,56.49,23.01,0.03,24
P003-2023-08-0019,P003,2023-08-07,2025-08,1200.58,45.77,18.58,14.13,0.03055,25
P003-2023-08-0019,P003,2023-08-07,2025-09,1220.13,39.98,63.73,4.19,0.03057,26
P003-2023-08-0020,P003,2023-08-21,2025-07,1847.41,170.49,75.89,39.3,0.02854,24
P003-2023-08-0020,P003,2023-08-21,2025-08,1774.37,152.07,86.11,7.08,0.02419,25
P003-2023-08-0020,P003,2023-08-21,2025-09,1646.92,173.72,62.46,16.2,0.03389,26
P003-2023-08-0021,P003,2023-08-16,2025-07,3348.47,461.33,179.88,0.0,0.03726,24
P003-2023-08-0021,P003,2023-08-16,2025-08,3155.74,155.07,49.0,86.66,0.02928,25
P003-2023-08-0021,P003,2023-08-16,2025-09,2986.44,314.57,145.26,0.0,0.02523,26
P003-2023-08-0023,P003,2023-08-07,2025-07,4386.88,408.32,214.9,43.6,0.0341,24
P003-2023-08-0023,P003,2023-08-07,2025-08,4030.48,348.13,51.75,60.01,0.02945,25
P003-2023-08-0023,P003,2023-08-07,2025-09,3964.48,337.85,286.57,14.72,0.02716,26
P003-2023-08-0037,P003,2023-08-22,2025-07,3002.11,137.6,52.56,0.0,0.02896,24
P003-2023-08-0037,P003,2023-08-22,2025-08,2947.42,282.78,267.62,39.53,0.03363,25
P003-2023-08-0037,P003,2023-08-22,2025-09,3021.84,77.33,198.09,46.34,0.03315,26
P003-2023-08-0038,P003,2023-08-15,2025-07,4258.37,281.04,235.66,11.85,0.03033,24
P003-2023-08-0038,P003,2023-08-15,2025-08,3979.01,288.53,103.05,93.88,0.02949,25
P003-2023-08-0038,P003,2023-08-15,2025-09,3846.05,253.94,165.34,44.36,0.0348,26
P003-2023-08-0040,P003,2023-08-18,2025-07,6519.19,251.52,209.38,49.57,0.02939,24
P003-2023-08-0040,P003,2023-08-18,2025-08,6260.02,200.61,95.8,154.35,0.02907,25
P003-2023-08-0040,P003,2023-08-18,2025-09,5783.85,632.03,159.54,3.69,0.02571,26
P003-2023-08-0042,P003,2023-08-12,2025-07,2374.29,305.42,42.08,50.83,0.02895,24
P003-2023-08-0042,P003,2023-08-12,2025-08,2336.92,81.19,78.44,34.63,0.03031,25
P003-2023-08-0042,P003,2023-08-12,2025-09,2319.84,142.95,155.36,29.49,0.02712,26
P003-2023-09-0001,P003,2023-09-07,2025-07,1868.26,122.2,96.74,23.22,0.02936,23
P003-2023-09-0001,P003,2023-09-07,2025-08,1737.74,160.44,34.08,4.16,0.03541,24
P003-2023-09-0001,P003,2023-09-07,2025-09,1749.89,34.64,76.21,29.42,0.03291,25
P003-2023-09-0008,P003,2023-09-07,2025-07,4097.28,313.75,0.0,22.16,0.03229,23
P003-2023-09-0008,P003,2023-09-07,2025-08,3870.12,333.95,106.79,0.0,0.02929,24
P003-2023-09-0008,P003,2023-09-07,2025-09,3929.19,170.44,257.68,28.18,0.02954,25
P003-2023-09-0012,P003,2023-09-24,2025-07,1295.01,52.28,66.37,28.07,0.02947,23
P003-2023-09-0012,P003,2023-09-24,2025-08,1238.05,119.89,73.78,10.85,0.02893,24
P003-2023-09-0012,P003,2023-09-24,2025-09,1080.66,136.73,0.0,20.66,0.03064,25
P003-2023-09-0014,P003,2023-09-12,2025-07,7137.47,700.84,149.84,0.0,0.03346,23
P003-2023-09-0014,P003,2023-09-12,2025-08,7066.85,141.65,138.59,67.56,0.03259,24
P003-2023-09-0014,P003,2023-09-12,2025-09,7232.04,212.51,448.65,70.96,0.03511,25
P003-2023-09-0016,P003,2023-09-18,2025-07,285.54,19.11,17.3,3.71,0.02707,23
P003-2023-09-0016,P003,2023-09-18,2025-08,277.58,21.81,13.84,0.0,0.03222,24
P003-2023-09-0016,P003,2023-09-18,2025-09,266.01,20.81,17.26,8.01,0.03469,25
P003-2023-09-0020,P003,2023-09-10,2025-07,1170.27,93.32,49.85,29.86,0.02922,23
P003-2023-09-0020,P003,2023-09-10,2025-08,1090.21,77.01,16.14,19.2,0.03379,24
P003-2023-09-0020,P003,2023-09-10,2025-09,1015.12,105.35,30.26,0.0,0.0313,25
P003-2023-09-0026,P003,2023-09-09,2025-07,2790.1,336.98,44.32,32.86,0.02938,23
P003-2023-09-0026,P003,2023-09-09,2025-08,2653.16,117.23,72.64,92.35,0.02861,24
P003-2023-09-0026,P003,2023-09-09,2025-09,2623.92,90.87,111.84,50.21,0.02902,25
P003-2023-09-0029,P003,2023-09-27,2025-07,9266.26,759.51,487.43,71.29,0.03215,23
P003-2023-09-0029,P003,2023-09-27,2025-08,8876.64,482.76,261.1,167.96,0.03104,24
P003-2023-09-0029,P003,2023-09-27,2025-09,9151.36,105.28,402.29,22.29,0.02481,25
P003-2023-09-0033,P003,2023-09-09,2025-07,5742.43,534.43,488.18,101.71,0.03241,23
P003-2023-09-0033,P003,2023-09-09,2025-08,5443.58,223.99,61.5,136.36,0.02915,24
P003-2023-09-0033,P003,2023-09-09,2025-09,5182.91,395.98,222.78,87.47,0.02958,25
P003-2023-09-0035,P003,2023-09-19,2025-07,1770.72,121.18,78.84,36.19,0.02597,23
P003-2023-09-0035,P003,2023-09-19,2025-08,1701.86,117.21,54.68,6.33,0.02781,24
P003-2023-09-0035,P003,2023-09-19,2025-09,1709.57,67.69,103.08,27.68,0.02889,25
P003-2023-09-0040,P003,2023-09-17,2025-07,1373.04,39.23,76.2,0.0,0.0283,23
P003-2023-09-0040,P003,2023-09-17,2025-08,1395.53,24.16,65.55,18.91,0.0296,24
P003-2023-09-0040,P003,2023-09-17,2025-09,1345.82,87.48,59.08,21.31,0.02815,25
P003-2023-09-0042,P003,2023-09-20,2025-07,3705.17,257.99,202.0,31.98,0.03048,23
P003-2023-09-0042,P003,2023-09-20,2025-08,3574.65,180.09,88.3,38.73,0.02464,24
P003-2023-09-0042,P003,2023-09-20,2025-09,3634.27,91.04,240.88,90.21,0.03063,25
P003-2023-09-0043,P003,2023-09-11,2025-07,2548.79,151.71,122.46,55.93,0.03144,23
P003-2023-09-0043,P003,2023-09-11,2025-08,2567.4,159.08,194.59,16.9,0.03165,24
P003-2023-10-0001,P003,2023-10-22,2025-07,1960.19,213.88,51.64,42.54,0.03224,22
P003-2023-10-0001,P003,2023-10-22,2025-08,1901.43,124.91,94.93,28.78,0.03685,23
P003-2023-10-0001,P003,2023-10-22,2025-09,1754.23,191.63,44.43,0.0,0.02974,24
P003-2023-10-0008,P003,2023-10-20,2025-07,3277.99,165.34,49.0,31.91,0.03607,22
P003-2023-10-0008,P003,2023-10-20,2025-08,3046.43,415.75,212.0,27.81,0.03347,23
P003-2023-10-0008,P003,2023-10-20,2025-09,2797.79,257.83,62.36,53.18,0.02928,24
P003-2023-10-0011,P003,2023-10-01,2025-07,4816.5,106.03,359.52,0.37,0.03034,22
P003-2023-10-0011,P003,2023-10-01,2025-08,4523.09,235.59,1.79,59.62,0.03294,23
P003-2023-10-0011,P003,2023-10-01,2025-09,4545.87,181.35,204.13,0.0,0.02733,24
P003-2023-10-0015,P003,2023-10-11,2025-07,2242.48,59.16,116.72,56.25,0.03024,22
P003-2023-10-0017,P003,2023-10-23,2025-07,1958.75,145.23,153.56,24.74,0.02369,22
P003-2023-10-0024,P003,2023-10-10,2025-07,2022.3,51.91,97.78,36.86,0.02662,22
P003-2023-10-0024,P003,2023-10-10,2025-08,1940.42,154.36,75.45,2.97,0.03049,23
P003-2023-10-0024,P003,2023-10-10,2025-09,1877.82,154.83,96.79,4.56,0.02923,24
P003-2023-10-0028,P003,2023-10-02,2025-07,9692.22,395.57,669.23,0.0,0.03607,22
P003-2023-10-0028,P003,2023-10-02,2025-08,9882.2,160.82,396.33,45.53,0.03316,23
P003-2023-10-0028,P003,2023-10-02,2025-09,9003.27,900.35,199.72,178.29,0.03234,24
P003-2023-10-0029,P003,2023-10-16,2025-07,2090.15,82.73,30.44,46.72,0.03213,22
P003-2023-10-0029,P003,2023-10-16,2025-08,1947.66,186.4,44.67,0.76,0.03447,23
P003-2023-10-0029,P003,2023-10-16,2025-09,1959.14,56.51,87.33,19.33,0.03068,24
P003-2023-10-0032,P003,2023-10-26,2025-07,1773.11,78.34,84.09,59.53,0.03509,22
P003-2023-10-0032,P003,2023-10-26,2025-08,1686.33,157.52,104.76,34.02,0.02833,23
P003-2023-10-0032,P003,2023-10-26,2025-09,1657.51,105.3,95.63,19.16,0.0243,24
P003-2023-10-0033,P003,2023-10-09,2025-07,1893.04,144.17,65.06,0.0,0.03214,22
P003-2023-10-0033,P003,2023-10-09,2025-08,1891.33,106.74,119.48,14.45,0.03249,23
P003-2023-10-0033,P003,2023-10-09,2025-09,1931.04,24.73,74.73,10.29,0.03388,24
P003-2023-11-0000,P003,2023-11-01,2025-07,2442.26,150.8,149.73,59.99,0.02775,21
P003-2023-11-0001,P003,2023-11-09,2025-07,1145.18,48.86,14.42,8.41,0.02921,21
P003-2023-11-0001,P003,2023-11-09,2025-08,1094.31,126.1,79.97,4.75,0.03044,22
P003-2023-11-0001,P003,2023-11-09,2025-09,1030.14,81.99,28.52,10.7,0.03339,23
P003-2023-11-0002,P003,2023-11-25,2025-07,3887.72,0.0,238.33,11.97,0.03502,21
P003-2023-11-0002,P003,2023-11-25,2025-08,3589.18,387.79,92.6,3.35,0.03098,22
P003-2023-11-0002,P003,2023-11-25,2025-09,3543.51,153.37,161.0,53.3,0.02977,23
P003-2023-11-0006,P003,2023-11-16,2025-07,1986.02,91.88,67.74,22.05,0.03372,21
P003-2023-11-0006,P003,2023-11-16,2025-08,1800.56,174.03,28.04,39.47,0.03328,22
P003-2023-11-0006,P003,2023-11-16,2025-09,1697.86,135.05,54.57,22.23,0.02981,23
P003-2023-11-0008,P003,2023-11-10,2025-07,946.83,95.97,62.53,0.0,0.02843,21
P003-2023-11-0008,P003,2023-11-10,2025-08,894.51,39.47,1.17,14.03,0.02733,22
P003-2023-11-0008,P003,2023-11-10,2025-09,865.01,78.12,61.13,12.5,0.02977,23
P003-2023-11-0009,P003,2023-11-07,2025-07,2980.31,132.6,186.74,4.4,0.02917,21
P003-2023-11-0009,P003,2023-11-07,2025-08,2887.17,256.39,177.78,14.53,0.02946,22
P003-2023-11-0009,P003,2023-11-07,2025-09,2719.18,163.04,39.28,44.23,0.03188,23
P003-2023-11-0013,P003,2023-11-05,2025-07,2236.95,179.34,104.28,43.53,0.03309,21
P003-2023-11-0014,P003,2023-11-22,2025-07,2373.01,184.23,53.71,31.34,0.02529,21
P003-2023-11-0014,P003,2023-11-22,2025-08,2205.57,167.33,23.11,23.23,0.02862,22
P003-2023-11-0014,P003,2023-11-22,2025-09,2100.54,176.89,71.87,0.0,0.02673,23
P003-2023-11-0016,P003,2023-11-20,2025-07,3496.97,164.22,0.0,5.08,0.02544,21
P003-2023-11-0016,P003,2023-11-20,2025-08,3555.39,0.0,58.42,0.0,0.02648,22
P003-2023-11-0016,P003,2023-11-20,2025-09,3593.49,176.62,214.72,0.0,0.02816,23
P003-2023-11-0018,P003,2023-11-04,2025-07,6783.34,167.71,165.69,59.59,0.03402,21
P003-2023-11-0018,P003,2023-11-04,2025-08,6279.54,600.01,179.73,83.53,0.02792,22
P003-2023-11-0018,P003,2023-11-04,2025-09,6486.73,0.0,286.29,79.1,0.02856,23
P003-2023-11-0020,P003,2023-11-07,2025-07,4207.59,188.39,222.5,80.15,0.02812,21
P003-2023-11-0020,P003,2023-11-07,2025-08,4030.73,308.68,159.63,27.81,0.03573,22
P003-2023-11-0020,P003,2023-11-07,2025-09,3986.42,270.62,267.99,41.68,0.02745,23
P003-2023-11-0021,P003,2023-11-22,2025-07,2518.69,282.12,75.29,0.0,0.02876,21
P003-2023-11-0021,P003,2023-11-22,2025-08,2478.13,206.2,174.93,9.29,0.02554,22
P003-2023-11-0021,P003,2023-11-22,2025-09,2543.0,0.0,105.19,40.32,0.02761,23
P003-2023-11-0022,P003,2023-11-23,2025-07,11073.39,491.28,449.38,0.0,0.02967,21
P003-2023-11-0022,P003,2023-11-23,2025-08,10752.02,697.76,387.94,11.54,0.03068,22
P003-2023-11-0022,P003,2023-11-23,2025-09,10403.55,497.03,148.56,0.0,0.03234,23
P003-2023-11-0036,P003,2023-11-22,2025-07,2509.11,164.43,167.99,1.23,0.03242,21
P003-2023-11-0036,P003,2023-11-22,2025-08,2494.52,110.91,116.38,20.06,0.03053,22
P003-2023-11-0036,P003,2023-11-22,2025-09,2373.58,195.45,99.35,24.85,0.03321,23
P003-2023-11-0037,P003,2023-11-25,2025-07,4097.83,230.39,110.63,12.51,0.02661,21
P003-2023-11-0037,P003,2023-11-25,2025-08,3973.56,291.58,243.2,75.89,0.02818,22
P003-2023-11-0037,P003,2023-11-25,2025-09,3836.17,286.34,186.4,37.45,0.03411,23
P003-2023-11-0038,P003,2023-11-16,2025-07,473.63,36.9,9.89,11.54,0.0303,21
P003-2023-11-0038,P003,2023-11-16,2025-08,451.35,30.02,15.07,7.33,0.02891,22
P003-2023-11-0038,P003,2023-11-16,2025-09,411.58,46.69,13.68,6.76,0.02688,23
P003-2023-12-0000,P003,2023-12-16,2025-07,3996.25,37.61,126.02,57.08,0.02828,20
P003-2023-12-0000,P003,2023-12-16,2025-08,3933.83,204.25,141.83,0.0,0.03255,21
P003-2023-12-0000,P003,2023-12-16,2025-09,4004.14,136.32,256.39,49.76,0.03153,22
P003-2023-12-0002,P003,2023-12-02,2025-07,2594.74,146.36,81.95,13.88,0.03086,20
P003-2023-12-0002,P003,2023-12-02,2025-08,2512.16,142.04,108.77,49.3,0.02368,21
P003-2023-12-0002,P003,2023-12-02,2025-09,2360.02,248.87,118.23,21.5,0.02655,22
P003-2023-12-0004,P003,2023-12-04,2025-07,6877.67,810.46,186.07,122.73,0.03063,20
P003-2023-12-0004,P003,2023-12-04,2025-08,6441.08,591.9,279.59,124.28,0.03313,21
P003-2023-12-0004,P003,2023-12-04,2025-09,5982.97,656.93,198.82,0.0,0.02953,22
P003-2023-12-0008,P003,2023-12-02,2025-07,1384.29,94.28,38.52,6.08,0.03146,20
P003-2023-12-0008,P003,2023-12-02,2025-08,1342.74,90.79,54.23,4.99,0.03232,21
P003-2023-12-0009,P003,2023-12-09,2025-07,3960.04,395.21,181.32,0.0,0.03283,20
P003-2023-12-0009,P003,2023-12-09,2025-08,3762.94,268.09,97.16,26.16,0.02951,21
P003-2023-12-0009,P003,2023-12-09,2025-09,3654.98,224.92,168.34,51.38,0.02901,22
P003-2023-12-0010,P003,2023-12-23,2025-07,1088.98,86.78,33.64,27.18,0.02875,20
P003-2023-12-0010,P003,2023-12-23,2025-08,1113.23,46.63,70.87,0.0,0.02873,21
P003-2023-12-0010,P003,2023-12-23,2025-09,1086.97,78.03,61.59,9.82,0.0329,22
P003-2023-12-0011,P003,2023-12-25,2025-07,4971.35,369.23,384.31,117.21,0.02752,20
P003-2023-12-0011,P003,2023-12-25,2025-08,4655.5,208.12,42.81,150.53,0.03165,21
P003-2023-12-0011,P003,2023-12-25,2025-09,4338.74,304.55,14.73,26.94,0.02901,22
P003-2023-12-0014,P003,2023-12-21,2025-07,5683.22,400.59,283.53,6.62,0.0271,20
P003-2023-12-0014,P003,2023-12-21,2025-08,5356.82,242.68,0.0,83.71,0.02675,21
P003-2023-12-0014,P003,2023-12-21,2025-09,5261.59,229.11,196.03,62.16,0.02762,22
P003-2023-12-0016,P003,2023-12-06,2025-07,4826.0,263.64,353.5,70.12,0.02871,20
P003-2023-12-0016,P003,2023-12-06,2025-08,4987.39,70.63,262.4,30.37,0.02846,21
P003-2023-12-0016,P003,2023-12-06,2025-09,4799.74,333.09,203.32,57.88,0.02814,22
P003-2023-12-0020,P003,2023-12-02,2025-07,2460.31,241.79,18.4,67.06,0.03414,20
P003-2023-12-0020,P003,2023-12-02,2025-08,2425.04,152.57,117.3,0.0,0.03176,21
P003-2023-12-0020,P003,2023-12-02,2025-09,2449.0,140.63,188.07,23.48,0.02909,22
P003-2023-12-0021,P003,2023-12-20,2025-07,2821.24,99.89,145.93,2.5,0.03275,20
P003-2023-12-0021,P003,2023-12-20,2025-08,2660.16,302.01,175.16,34.23,0.03386,21
P003-2023-12-0021,P003,2023-12-20,2025-09,2661.17,197.05,216.26,18.2,0.03357,22
P003-2023-12-0023,P003,2023-12-08,2025-07,2661.67,205.55,147.63,18.08,0.03089,20
P003-2023-12-0023,P003,2023-12-08,2025-08,2549.03,157.7,85.76,40.7,0.02885,21
P003-2023-12-0026,P003,2023-12-03,2025-07,4828.53,254.55,354.01,154.99,0.03087,20
P003-2023-12-0026,P003,2023-12-03,2025-08,4617.41,552.51,344.45,3.06,0.02687,21
P003-2023-12-0026,P003,2023-12-03,2025-09,4685.24,164.88,237.56,4.84,0.03246,22
P003-2023-12-0027,P003,2023-12-26,2025-07,4746.73,154.6,198.06,12.77,0.02593,20
P003-2023-12-0027,P003,2023-12-26,2025-08,4636.14,132.53,52.0,30.07,0.02759,21
P003-2023-12-0027,P003,2023-12-26,2025-09,4501.89,311.71,271.2,93.73,0.03609,22
P003-2023-12-0028,P003,2023-12-08,2025-07,2401.52,71.8,124.18,9.44,0.03244,20
P003-2023-12-0028,P003,2023-12-08,2025-08,2291.45,207.11,117.09,20.04,0.03272,21
P003-2023-12-0028,P003,2023-12-08,2025-09,2313.27,16.24,41.31,3.26,0.03066,22
P003-2023-12-0031,P003,2023-12-25,2025-07,2623.56,50.85,71.33,0.0,0.02731,20
P003-2023-12-0031,P003,2023-12-25,2025-08,2465.06,208.27,59.28,9.51,0.03274,21
P003-2023-12-0031,P003,2023-12-25,2025-09,2329.83,221.18,85.95,0.0,0.02926,22
P003-2024-01-0001,P003,2024-01-16,2025-07,6321.34,360.77,234.47,145.44,0.03115,19
P003-2024-01-0001,P003,2024-01-16,2025-08,5878.44,499.53,200.27,143.64,0.03048,20
P003-2024-01-0001,P003,2024-01-16,2025-09,5437.3,514.03,146.09,73.2,0.02703,21
P003-2024-01-0003,P003,2024-01-01,2025-07,4280.33,334.35,259.74,69.01,0.02866,19
P003-2024-01-0003,P003,2024-01-01,2025-08,4405.06,94.33,219.05,0.0,0.02544,20
P003-2024-01-0003,P003,2024-01-01,2025-09,4201.25,182.31,55.39,76.89,0.02884,21
P003-2024-01-0005,P003,2024-01-02,2025-07,2005.68,180.31,124.29,10.49,0.02507,19
P003-2024-01-0005,P003,2024-01-02,2025-08,1905.71,177.52,90.03,12.49,0.02947,20
P003-2024-01-0005,P003,2024-01-02,2025-09,1754.66,186.57,46.67,11.14,0.02963,21
P003-2024-01-0006,P003,2024-01-03,2025-07,919.66,83.33,40.86,28.99,0.02672,19
P003-2024-01-0006,P003,2024-01-03,2025-08,880.46,74.18,38.99,4.02,0.03391,20
P003-2024-01-0012,P003,2024-01-24,2025-07,4130.94,260.24,121.03,19.82,0.03238,19
P003-2024-01-0012,P003,2024-01-24,2025-08,3895.69,295.61,120.42,60.06,0.03169,20
P003-2024-01-0012,P003,2024-01-24,2025-09,3528.21,482.69,200.84,85.63,0.03117,21
P003-2024-01-0018,P003,2024-01-11,2025-07,2060.54,199.26,119.33,0.0,0.02846,19
P003-2024-01-0018,P003,2024-01-11,2025-08,1922.98,189.91,63.56,11.21,0.02667,20
P003-2024-01-0018,P003,2024-01-11,2025-09,1907.66,56.18,82.64,41.78,0.03271,21
P003-2024-01-0022,P003,2024-01-22,2025-07,1717.14,85.79,24.22,23.03,0.03371,19
P003-2024-01-0022,P003,2024-01-22,2025-08,1766.14,68.63,120.42,2.8,0.03255,20
P003-2024-01-0022,P003,2024-01-22,2025-09,1735.65,103.17,87.42,14.75,0.02643,21
P003-2024-01-0025,P003,2024-01-27,2025-07,3127.21,208.23,118.83,90.65,0.0324,19
P003-2024-01-0025,P003,2024-01-27,2025-08,2892.96,366.12,181.37,49.5,0.0328,20
P003-2024-01-0025,P003,2024-01-27,2025-09,2670.63,247.3,83.69,58.72,0.03191,21
P003-2024-01-0027,P003,2024-01-25,2025-07,4274.59,390.82,197.09,41.08,0.02938,19
P003-2024-01-0027,P003,2024-01-25,2025-08,4008.39,338.79,156.16,83.57,0.03322,20
P003-2024-01-0030,P003,2024-01-01,2025-07,5008.45,180.57,29.68,101.4,0.03157,19
P003-2024-01-0031,P003,2024-01-08,2025-07,3105.3,248.7,96.53,4.87,0.02909,19
P003-2024-01-0031,P003,2024-01-08,2025-08,3096.92,168.68,166.69,6.38,0.03091,20
P003-2024-01-0031,P003,2024-01-08,2025-09,3124.62,126.32,240.12,86.1,0.0291,21
P003-2024-01-0032,P003,2024-01-25,2025-07,4260.92,381.34,223.06,10.66,0.02887,19
P003-2024-01-0032,P003,2024-01-25,2025-08,4085.89,312.71,200.05,62.38,0.02502,20
P003-2024-01-0032,P003,2024-01-25,2025-09,3807.7,439.47,161.28,0.0,0.03103,21
P003-2024-01-0034,P003,2024-01-08,2025-07,1249.32,0.26,68.55,21.13,0.02836,19
P003-2024-01-0034,P003,2024-01-08,2025-08,1173.59,72.79,21.71,24.65,0.03265,20
P003-2024-01-0034,P003,2024-01-08,2025-09,1115.92,107.96,66.98,16.7,0.02252,21
P003-2024-02-0000,P003,2024-02-26,2025-07,6295.68,201.63,0.0,98.06,0.02987,18
P003-2024-02-0000,P003,2024-02-26,2025-08,6483.89,209.09,413.81,16.5,0.03315,19
P003-2024-02-0000,P003,2024-02-26,2025-09,5924.24,615.98,188.41,132.08,0.03153,20
P003-2024-02-0003,P003,2024-02-13,2025-07,413.82,20.89,24.87,7.64,0.02772,18
P003-2024-02-0003,P003,2024-02-13,2025-08,398.83,18.42,15.78,12.35,0.0294,19
P003-2024-02-0003,P003,2024-02-13,2025-09,386.39,17.29,7.08,2.23,0.02929,20
P003-2024-02-0008,P003,2024-02-09,2025-07,4890.38,478.01,147.47,121.4,0.03199,18
P003-2024-02-0008,P003,2024-02-09,2025-08,4646.31,484.52,299.71,59.26,0.0304,19
P003-2024-02-0008,P003,2024-02-09,2025-09,4581.13,240.46,239.02,63.74,0.03391,20
P003-2024-02-0009,P003,2024-02-12,2025-07,6139.55,643.68,294.99,127.37,0.02871,18
P003-2024-02-0009,P003,2024-02-12,2025-08,5740.53,363.78,96.86,132.09,0.03332,19
P003-2024-02-0011,P003,2024-02-18,2025-07,1619.0,70.85,47.48,0.0,0.02833,18
P003-2024-02-0011,P003,2024-02-18,2025-08,1562.04,155.13,122.76,24.58,0.03486,19
P003-2024-02-0011,P003,2024-02-18,2025-09,1485.39,119.2,62.9,20.35,0.03388,20
P003-2024-02-0012,P003,2024-02-26,2025-07,2301.76,51.68,53.38,0.0,0.03521,18
P003-2024-02-0012,P003,2024-02-26,2025-08,2143.04,174.32,27.35,11.75,0.02449,19
P003-2024-02-0012,P003,2024-02-26,2025-09,2128.3,143.56,128.82,0.0,0.03479,20
P003-2024-02-0013,P003,2024-02-25,2025-07,2016.15,141.42,124.96,9.48,0.02749,18
P003-2024-02-0013,P003,2024-02-25,2025-08,1957.54,46.46,42.68,54.83,0.03651,19
P003-2024-02-0013,P003,2024-02-25,2025-09,1834.8,167.11,80.52,36.16,0.02913,20
P003-2024-02-0015,P003,2024-02-17,2025-07,2516.56,50.78,62.87,71.77,0.03122,18
P003-2024-02-0015,P003,2024-02-17,2025-08,2502.11,94.33,97.11,17.23,0.02909,19
P003-2024-02-0024,P003,2024-02-21,2025-07,2577.94,192.43,69.91,36.35,0.03115,18
P003-2024-02-0024,P003,2024-02-21,2025-08,2422.54,167.24,42.7,30.86,0.02852,19
P003-2024-02-0024,P003,2024-02-21,2025-09,2325.47,93.23,25.38,29.22,0.03571,20
P003-2024-02-0025,P003,2024-02-26,2025-07,2631.9,195.34,97.07,0.0,0.03623,18
P003-2024-02-0025,P003,2024-02-26,2025-08,2698.09,0.0,90.95,24.76,0.02795,19
P003-2024-02-0025,P003,2024-02-26,2025-09,2507.99,223.69,86.37,52.78,0.0328,20
P003-2024-02-0026,P003,2024-02-16,2025-07,1118.24,112.72,17.15,41.82,0.02892,18
P003-2024-02-0026,P003,2024-02-16,2025-08,1156.48,46.34,91.16,6.59,0.02635,19
P003-2024-02-0026,P003,2024-02-16,2025-09,1095.77,35.6,0.0,25.1,0.03048,20
P003-2024-02-0027,P003,2024-02-02,2025-07,3834.47,94.21,156.83,0.0,0.0301,18
P003-2024-02-0027,P003,2024-02-02,2025-08,3730.18,177.92,115.54,41.92,0.03072,19
P003-2024-02-0027,P003,2024-02-02,2025-09,3692.5,213.76,204.86,28.78,0.03211,20
P003-2024-02-0031,P003,2024-02-22,2025-07,2342.32,97.23,81.64,30.33,0.02615,18
P003-2024-02-0031,P003,2024-02-22,2025-08,2214.6,195.01,104.93,37.64,0.03152,19
P003-2024-02-0031,P003,2024-02-22,2025-09,2036.14,265.08,136.52,49.91,0.02734,20
P003-2024-02-0033,P003,2024-02-17,2025-07,3055.84,110.53,105.92,46.86,0.02849,18
P003-2024-02-0033,P003,2024-02-17,2025-08,2885.2,179.18,20.07,11.53,0.03494,19
P003-2024-02-0033,P003,2024-02-17,2025-09,2762.74,204.82,125.96,43.6,0.0276,20
P003-2024-02-0035,P003,2024-02-08,2025-07,1806.91,80.79,80.91,0.0,0.02517,18
P003-2024-02-0035,P003,2024-02-08,2025-08,1671.02,163.36,58.66,31.2,0.03363,19
P003-2024-02-0035,P003,2024-02-08,2025-09,1663.3,66.6,59.01,0.13,0.0335,20
P003-2024-02-0039,P003,2024-02-02,2025-07,1640.53,133.14,2.32,18.79,0.03197,18
P003-2024-02-0040,P003,2024-02-11,2025-07,6726.92,472.46,343.76,97.15,0.0301,18
P003-2024-02-0040,P003,2024-02-11,2025-08,6428.98,355.39,126.87,69.43,0.034,19
P003-2024-02-0040,P003,2024-02-11,2025-09,6024.8,586.6,246.39,63.97,0.0272,20
P003-2024-02-0041,P003,2024-02-08,2025-07,7872.69,102.65,148.94,94.0,0.02805,18
P003-2024-02-0041,P003,2024-02-08,2025-08,7889.89,465.78,535.77,52.78,0.02933,19
P003-2024-02-0041,P003,2024-02-08,2025-09,7855.33,39.35,100.45,95.66,0.03225,20
P003-2024-03-0001,P003,2024-03-05,2025-07,2099.68,202.45,91.55,54.65,0.02872,17
P003-2024-03-0001,P003,2024-03-05,2025-08,2039.59,167.92,131.57,23.74,0.03048,18
P003-2024-03-0001,P003,2024-03-05,2025-09,2032.41,127.76,133.24,12.66,0.03071,19
P003-2024-03-0003,P003,2024-03-16,2025-07,3761.32,531.38,43.98,116.72,0.02783,17
P003-2024-03-0003,P003,2024-03-16,2025-08,3606.38,207.92,105.57,52.59,0.03015,18
P003-2024-03-0003,P003,2024-03-16,2025-09,3496.03,217.79,107.44,0.0,0.03295,19
P003-2024-03-0004,P003,2024-03-23,2025-07,705.8,51.16,22.78,3.9,0.0332,17
P003-2024-03-0004,P003,2024-03-23,2025-08,690.55,50.08,40.35,5.52,0.02881,18
P003-2024-03-0004,P003,2024-03-23,2025-09,711.23,19.7,44.8,4.42,0.02903,19
P003-2024-03-0007,P003,2024-03-03,2025-07,3296.33,164.72,27.88,146.97,0.02647,17
P003-2024-03-0007,P003,2024-03-03,2025-08,3257.49,166.97,210.07,81.94,0.03252,18
P003-2024-03-0007,P003,2024-03-03,2025-09,3101.47,220.14,143.12,79.0,0.03327,19
P003-2024-03-0008,P003,2024-03-22,2025-07,3276.69,165.23,79.18,61.77,0.02682,17
P003-2024-03-0009,P003,2024-03-19,2025-07,7424.84,784.27,0.0,18.79,0.03124,17
P003-2024-03-0009,P003,2024-03-19,2025-08,6964.24,573.24,112.64,0.0,0.02935,18
P003-2024-03-0009,P003,2024-03-19,2025-09,6837.12,244.71,253.4,135.81,0.02639,19
P003-2024-03-0012,P003,2024-03-22,2025-07,3160.8,201.83,99.38,48.64,0.03077,17
P003-2024-03-0012,P003,2024-03-22,2025-08,3075.53,221.01,155.3,19.55,0.03182,18
P003-2024-03-0012,P003,2024-03-22,2025-09,3039.87,138.82,121.13,17.97,0.03435,19
P003-2024-03-0013,P003,2024-03-13,2025-07,1522.64,126.43,34.22,35.02,0.02919,17
P003-2024-03-0013,P003,2024-03-13,2025-08,1433.55,109.8,54.61,33.9,0.03052,18
P003-2024-03-0013,P003,2024-03-13,2025-09,1353.71,95.34,29.29,13.78,0.02969,19
P003-2024-03-0015,P003,2024-03-22,2025-07,5604.84,516.05,251.48,16.26,0.02423,17
P003-2024-03-0015,P003,2024-03-22,2025-08,5295.54,314.14,187.7,182.86,0.02853,18
P003-2024-03-0015,P003,2024-03-22,2025-09,4980.23,355.16,120.47,80.62,0.0295,19
P003-2024-03-0018,P003,2024-03-06,2025-07,1055.11,45.3,22.54,3.16,0.03119,17
P003-2024-03-0018,P003,2024-03-06,2025-08,1009.33,81.46,47.39,11.71,0.03399,18
P003-2024-03-0018,P003,2024-03-06,2025-09,942.42,57.56,0.0,9.35,0.02517,19
P003-2024-03-0021,P003,2024-03-07,2025-07,17845.38,1783.36,1440.12,174.57,0.02882,17
P003-2024-03-0021,P003,2024-03-07,2025-08,17472.81,861.03,901.33,412.87,0.02722,18
P003-2024-03-0021,P003,2024-03-07,2025-09,16350.35,730.25,102.55,494.75,0.03037,19
P003-2024-03-0025,P003,2024-03-06,2025-07,4247.42,554.09,196.66,90.29,0.03204,17
P003-2024-03-0025,P003,2024-03-06,2025-08,4040.02,412.94,236.97,31.44,0.02933,18
P003-2024-03-0025,P003,2024-03-06,2025-09,3883.17,220.12,143.37,80.1,0.02611,19
P003-2024-03-0027,P003,2024-03-25,2025-07,4267.02,248.93,209.61,0.0,0.02895,17
P003-2024-03-0030,P003,2024-03-24,2025-07,4110.65,142.04,198.59,101.64,0.03338,17
P003-2024-03-0030,P003,2024-03-24,2025-08,4011.67,247.88,154.92,6.02,0.02726,18
P003-2024-03-0030,P003,2024-03-24,2025-09,3735.42,314.17,93.93,56.01,0.02891,19
P003-2024-04-0001,P003,2024-04-26,2025-07,7797.17,31.76,312.5,75.97,0.03114,16
P003-2024-04-0001,P003,2024-04-26,2025-08,7404.17,581.69,188.7,0.0,0.02759,17
P003-2024-04-0001,P003,2024-04-26,2025-09,7247.27,447.01,398.13,108.02,0.02946,18
P003-2024-04-0002,P003,2024-04-13,2025-07,3223.48,244.17,138.18,39.58,0.03241,16
P003-2024-04-0002,P003,2024-04-13,2025-08,3087.37,305.85,169.74,0.0,0.03184,17
P003-2024-04-0002,P003,2024-04-13,2025-09,3175.36,6.15,94.14,0.0,0.02934,18
P003-2024-04-0003,P003,2024-04-08,2025-07,488.83,34.0,6.54,9.1,0.03134,16
P003-2024-04-0003,P003,2024-04-08,2025-08,485.73,31.84,31.33,2.59,0.03061,17
P003-2024-04-0003,P003,2024-04-08,2025-09,453.02,40.46,15.49,7.74,0.0267,18
P003-2024-04-0005,P003,2024-04-14,2025-07,2414.93,56.07,140.27,0.0,0.03249,16
P003-2024-04-0005,P003,2024-04-14,2025-08,2288.22,150.41,50.49,26.79,0.02808,17
P003-2024-04-0005,P003,2024-04-14,2025-09,2296.18,30.78,46.75,8.01,0.02823,18
P003-2024-04-0009,P003,2024-04-18,2025-07,2898.5,199.54,80.31,20.63,0.0294,16
P003-2024-04-0009,P003,2024-04-18,2025-08,2889.66,121.28,127.57,15.14,0.02907,17
P003-2024-04-0009,P003,2024-04-18,2025-09,2694.7,200.22,63.6,58.35,0.03047,18
P003-2024-04-0010,P003,2024-04-09,2025-07,7022.13,713.0,375.11,124.2,0.03206,16
P003-2024-04-0010,P003,2024-04-09,2025-08,7290.16,77.61,420.68,75.04,0.02885,17
P003-2024-04-0010,P003,2024-04-09,2025-09,7225.84,265.78,428.77,227.31,0.02629,18
P003-2024-04-0011,P003,2024-04-19,2025-07,7176.89,614.14,159.71,0.0,0.02857,16
P003-2024-04-0011,P003,2024-04-19,2025-08,6545.49,752.5,121.09,0.0,0.03336,17
P003-2024-04-0011,P003,2024-04-19,2025-09,5824.55,667.25,90.41,144.11,0.02685,18
P003-2024-04-0013,P003,2024-04-20,2025-07,2861.4,418.07,205.76,32.81,0.0325,16
P003-2024-04-0013,P003,2024-04-20,2025-08,2595.49,238.23,55.26,82.94,0.02556,17
P003-2024-04-0013,P003,2024-04-20,2025-09,2602.89,11.71,42.08,22.98,0.02806,18
P003-2024-04-0014,P003,2024-04-17,2025-07,7212.83,283.36,207.86,0.0,0.03333,16
P003-2024-04-0014,P003,2024-04-17,2025-08,7195.77,333.39,366.47,50.14,0.0311,17
P003-2024-04-0016,P003,2024-04-25,2025-07,4109.39,0.0,180.54,0.0,0.02676,16
P003-2024-04-0016,P003,2024-04-25,2025-08,4374.04,120.86,385.51,0.0,0.02514,17
P003-2024-04-0016,P003,2024-04-25,2025-09,4187.03,310.75,155.69,31.95,0.02989,18
P003-2024-04-0017,P003,2024-04-19,2025-07,6180.24,173.61,131.83,8.27,0.0311,16
P003-2024-04-0017,P003,2024-04-19,2025-08,5697.55,465.9,135.85,152.65,0.02634,17
P003-2024-04-0017,P003,2024-04-19,2025-09,5623.42,244.0,306.8,136.93,0.02674,18
P003-2024-04-0018,P003,2024-04-10,2025-07,4540.19,402.44,324.57,56.62,0.02559,16
P003-2024-04-0018,P003,2024-04-10,2025-08,4599.68,187.33,246.81,0.0,0.0296,17
P003-2024-04-0020,P003,2024-04-05,2025-07,1631.78,260.14,93.93,8.5,0.03198,16
P003-2024-04-0020,P003,2024-04-05,2025-08,1627.85,17.08,13.15,0.0,0.03067,17
P003-2024-04-0020,P003,2024-04-05,2025-09,1574.32,108.14,63.98,9.37,0.02535,18
P003-2024-04-0022,P003,2024-04-05,2025-07,1281.89,139.94,51.1,0.0,0.03046,16
P003-2024-04-0022,P003,2024-04-05,2025-08,1291.09,49.12,61.34,3.03,0.0279,17
P003-2024-04-0022,P003,2024-04-05,2025-09,1237.74,108.28,60.88,5.94,0.03257,18
P003-2024-04-0023,P003,2024-04-14,2025-07,2803.62,71.57,108.87,2.36,0.02807,16
P003-2024-04-0023,P003,2024-04-14,2025-08,2790.83,129.34,164.2,47.64,0.03138,17
P003-2024-04-0023,P003,2024-04-14,2025-09,2998.56,51.14,289.21,30.34,0.02788,18
P003-2024-04-0024,P003,2024-04-18,2025-07,3071.56,316.97,0.0,0.0,0.03405,16
P003-2024-04-0028,P003,2024-04-23,2025-07,2582.3,109.51,122.16,49.41,0.02886,16
P003-2024-04-0028,P003,2024-04-23,2025-08,2666.26,65.32,167.23,17.95,0.02756,17
P003-2024-04-0028,P003,2024-04-23,2025-09,2557.41,108.85,0.0,0.0,0.0339,18
P003-2024-04-0029,P003,2024-04-09,2025-07,1263.66,138.16,40.98,18.84,0.02816,16
P003-2024-04-0029,P003,2024-04-09,2025-08,1193.49,96.12,44.15,18.2,0.02488,17
P003-2024-04-0029,P003,2024-04-09,2025-09,1125.46,120.92,59.86,6.97,0.02978,18
P003-2024-04-0030,P003,2024-04-03,2025-07,2100.82,170.4,133.15,36.74,0.03539,16
P003-2024-04-0030,P003,2024-04-03,2025-08,1926.57,196.71,47.84,25.39,0.03507,17
P003-2024-04-0030,P003,2024-04-03,2025-09,1875.8,88.03,58.03,20.77,0.03011,18
P003-2024-04-0033,P003,2024-04-01,2025-07,2553.69,185.13,39.23,24.08,0.0263,16
P003-2024-04-0033,P003,2024-04-01,2025-08,2492.03,199.1,137.44,0.0,0.03501,17
P003-2024-04-0033,P003,2024-04-01,2025-09,2550.92,50.65,154.45,44.91,0.02967,18
P003-2024-04-0039,P003,2024-04-04,2025-07,1258.78,59.9,14.98,6.07,0.02909,16
P003-2024-04-0039,P003,2024-04-04,2025-08,1283.09,61.91,108.93,22.71,0.03014,17
P003-2024-04-0039,P003,2024-04-04,2025-09,1158.24,174.4,51.5,1.95,0.03188,18
P003-2024-04-0041,P003,2024-04-25,2025-07,2928.59,293.17,93.68,0.0,0.03156,16
P003-2024-04-0041,P003,2024-04-25,2025-08,2849.93,146.9,118.12,49.87,0.02749,17
P003-2024-04-0041,P003,2024-04-25,2025-09,2819.5,92.94,108.5,45.98,0.03344,18
P003-2024-04-0044,P003,2024-04-20,2025-07,3292.39,114.89,70.7,73.86,0.02977,16
P003-2024-04-0044,P003,2024-04-20,2025-08,2984.68,220.7,0.0,87.01,0.03138,17
P003-2024-04-0044,P003,2024-04-20,2025-09,2655.36,293.35,0.0,35.97,0.03395,18
P003-2024-05-0001,P003,2024-05-24,2025-07,2041.11,193.46,94.76,21.48,0.02871,15
P003-2024-05-0001,P003,2024-05-24,2025-08,1799.03,201.97,9.56,49.67,0.03119,16
P003-2024-05-0001,P003,2024-05-24,2025-09,1663.6,203.05,84.68,17.06,0.02747,17
P003-2024-05-0004,P003,2024-05-20,2025-07,4337.89,171.12,54.15,21.77,0.02829,15
P003-2024-05-0004,P003,2024-05-20,2025-08,4413.44,113.73,221.78,32.49,0.03051,16
P003-2024-05-0004,P003,2024-05-20,2025-09,4386.65,279.84,325.76,72.71,0.02618,17
P003-2024-05-0008,P003,2024-05-17,2025-07,2445.86,115.47,82.92,49.14,0.03124,15
P003-2024-05-0008,P003,2024-05-17,2025-08,2496.1,80.12,130.36,0.0,0.02855,16
P003-2024-05-0008,P003,2024-05-17,2025-09,2571.31,107.27,182.48,0.0,0.02642,17
P003-2024-05-0010,P003,2024-05-19,2025-07,1480.02,98.16,59.47,0.0,0.02856,15
P003-2024-05-0010,P003,2024-05-19,2025-08,1445.75,107.63,89.46,16.1,0.03604,16
P003-2024-05-0010,P003,2024-05-19,2025-09,1371.8,100.34,51.93,25.54,0.03163,17
P003-2024-05-0013,P003,2024-05-03,2025-07,5653.72,315.99,385.8,69.71,0.02901,15
P003-2024-05-0017,P003,2024-05-23,2025-07,2091.72,41.48,166.06,39.49,0.02938,15
P003-2024-05-0017,P003,2024-05-23,2025-08,1904.47,234.87,59.94,12.32,0.02548,16
P003-2024-05-0017,P003,2024-05-23,2025-09,1930.55,127.0,172.16,19.07,0.02938,17
P003-2024-05-0018,P003,2024-05-13,2025-07,4654.64,204.41,77.17,68.97,0.03204,15
P003-2024-05-0018,P003,2024-05-13,2025-08,4747.85,41.24,177.65,43.2,0.02416,16
P003-2024-05-0018,P003,2024-05-13,2025-09,4569.17,377.17,284.25,85.75,0.02815,17
P003-2024-05-0020,P003,2024-05-16,2025-07,1247.63,51.11,82.62,0.0,0.03052,15
P003-2024-05-0020,P003,2024-05-16,2025-08,1206.84,101.79,80.58,19.58,0.02837,16
P003-2024-05-0020,P003,2024-05-16,2025-09,1215.56,63.87,72.6,0.0,0.02816,17
P003-2024-05-0025,P003,2024-05-19,2025-07,4212.92,185.76,181.02,56.52,0.03329,15
P003-2024-05-0025,P003,2024-05-19,2025-08,4139.14,285.26,282.22,70.73,0.03153,16
P003-2024-05-0025,P003,2024-05-19,2025-09,4172.55,271.71,305.12,0.0,0.03359,17
P003-2024-05-0028,P003,2024-05-27,2025-07,1928.98,34.07,0.0,19.01,0.03156,15
P003-2024-05-0028,P003,2024-05-27,2025-08,1830.86,136.76,56.16,17.53,0.0261,16
P003-2024-05-0028,P003,2024-05-27,2025-09,1751.43,105.47,34.84,8.81,0.03344,17
P003-2024-05-0033,P003,2024-05-11,2025-07,3507.1,144.36,109.02,4.27,0.029,15
P003-2024-05-0033,P003,2024-05-11,2025-08,3408.93,197.19,163.25,64.22,0.02796,16
P003-2024-05-0033,P003,2024-05-11,2025-09,3172.88,261.9,100.21,74.36,0.03464,17
P003-2024-05-0034,P003,2024-05-27,2025-07,10556.92,1022.82,500.87,300.6,0.02791,15
P003-2024-05-0034,P003,2024-05-27,2025-08,10426.36,228.29,206.07,108.34,0.02743,16
P003-2024-05-0034,P003,2024-05-27,2025-09,10238.17,277.36,294.64,205.47,0.03178,17
P003-2024-05-0036,P003,2024-05-22,2025-07,3839.25,124.82,128.84,28.22,0.03162,15
P003-2024-05-0036,P003,2024-05-22,2025-08,3681.76,140.09,53.72,71.13,0.03115,16
P003-2024-05-0036,P003,2024-05-22,2025-09,3621.46,191.49,141.98,10.79,0.03189,17
P003-2024-05-0037,P003,2024-05-10,2025-07,1624.57,73.5,32.56,16.92,0.03287,15
P003-2024-05-0037,P003,2024-05-10,2025-08,1656.25,41.87,105.7,32.15,0.02718,16
P003-2024-05-0037,P003,2024-05-10,2025-09,1576.76,75.66,0.0,3.83,0.02849,17
P003-2024-05-0040,P003,2024-05-16,2025-07,4502.88,192.3,145.4,114.65,0.03208,15
P003-2024-05-0040,P003,2024-05-16,2025-08,4447.7,207.08,280.26,128.35,0.02903,16
P003-2024-05-0040,P003,2024-05-16,2025-09,4422.85,291.95,329.64,62.54,0.0319,17
P003-2024-05-0041,P003,2024-05-21,2025-07,1094.5,1.97,18.6,2.31,0.03538,15
P003-2024-05-0041,P003,2024-05-21,2025-08,1054.39,60.96,26.72,5.87,0.02726,16
P003-2024-05-0041,P003,2024-05-21,2025-09,949.94,93.44,29.66,40.67,0.03004,17
P003-2024-05-0043,P003,2024-05-21,2025-07,1402.6,58.38,91.52,26.47,0.03784,15
P003-2024-05-0044,P003,2024-05-23,2025-07,2185.66,89.42,21.62,4.34,0.02816,15
P003-2024-05-0044,P003,2024-05-23,2025-08,2128.75,85.05,64.5,36.36,0.02992,16
P003-2024-05-0044,P003,2024-05-23,2025-09,2119.85,91.58,82.68,0.0,0.03225,17
P003-2024-06-0000,P003,2024-06-12,2025-07,1202.49,88.74,18.25,12.25,0.023,14
P003-2024-06-0000,P003,2024-06-12,2025-08,1173.03,65.02,37.72,2.16,0.02726,15
P003-2024-06-0000,P003,2024-06-12,2025-09,1133.69,61.24,22.25,0.35,0.03468,16
P003-2024-06-0001,P003,2024-06-04,2025-07,3796.35,435.5,224.2,4.07,0.02748,14
P003-2024-06-0001,P003,2024-06-04,2025-08,3488.05,308.3,0.0,0.0,0.0285,15
P003-2024-06-0002,P003,2024-06-12,2025-07,2602.78,105.22,140.73,90.81,0.03072,14
P003-2024-06-0002,P003,2024-06-12,2025-08,2535.54,106.68,68.61,29.16,0.03171,15
P003-2024-06-0002,P003,2024-06-12,2025-09,2555.13,30.89,67.78,17.3,0.02897,16
P003-2024-06-0003,P003,2024-06-01,2025-07,2661.43,175.13,87.52,6.97,0.0291,14
P003-2024-06-0003,P003,2024-06-01,2025-08,2355.16,266.38,0.0,39.89,0.031,15
P003-2024-06-0003,P003,2024-06-01,2025-09,2372.08,96.65,126.95,13.38,0.02751,16
P003-2024-06-0004,P003,2024-06-23,2025-07,1447.39,20.05,100.94,13.24,0.03231,14
P003-2024-06-0004,P003,2024-06-23,2025-08,1357.46,78.83,17.98,29.08,0.03088,15
P003-2024-06-0004,P003,2024-06-23,2025-09,1410.75,24.21,79.91,2.4,0.03204,16
P003-2024-06-0006,P003,2024-06-02,2025-07,12315.23,1152.56,735.49,332.96,0.03428,14
P003-2024-06-0006,P003,2024-06-02,2025-08,12861.48,63.13,637.24,27.85,0.02699,15
P003-2024-06-0006,P003,2024-06-02,2025-09,11967.2,1403.31,629.32,120.29,0.02814,16
P003-2024-06-0007,P003,2024-06-19,2025-07,5332.65,408.37,62.02,31.63,0.03094,14
P003-2024-06-0007,P003,2024-06-19,2025-08,5111.08,311.02,123.64,34.19,0.03666,15
P003-2024-06-0007,P003,2024-06-19,2025-09,5027.35,166.9,219.44,136.28,0.02654,16
P003-2024-06-0008,P003,2024-06-18,2025-07,6142.13,1105.29,146.44,97.35,0.03366,14
P003-2024-06-0008,P003,2024-06-18,2025-08,5827.45,655.78,350.48,9.37,0.03091,15
P003-2024-06-0008,P003,2024-06-18,2025-09,5361.51,394.11,41.32,113.14,0.02766,16
P003-2024-06-0010,P003,2024-06-05,2025-07,3896.26,188.79,107.22,46.22,0.0264,14
P003-2024-06-0010,P003,2024-06-05,2025-08,3940.2,51.22,113.89,18.72,0.02859,15
P003-2024-06-0010,P003,2024-06-05,2025-09,3776.6,193.62,41.68,11.67,0.02652,16
P003-2024-06-0011,P003,2024-06-20,2025-07,9696.69,740.92,768.06,11.83,0.03114,14
P003-2024-06-0011,P003,2024-06-20,2025-08,9815.27,367.55,520.39,34.26,0.03618,15
P003-2024-06-0011,P003,2024-06-20,2025-09,9718.27,521.25,606.03,181.79,0.02879,16
P003-2024-06-0014,P003,2024-06-15,2025-07,7258.86,462.13,427.82,0.0,0.02843,14
P003-2024-06-0014,P003,2024-06-15,2025-08,6978.67,347.44,172.11,104.86,0.03272,15
P003-2024-06-0014,P003,2024-06-15,2025-09,7050.79,68.3,227.95,87.53,0.03191,16
P003-2024-06-0016,P003,2024-06-26,2025-07,5156.59,326.14,353.17,27.51,0.02546,14
P003-2024-06-0016,P003,2024-06-26,2025-08,5201.27,281.67,326.34,0.0,0.03121,15
P003-2024-06-0016,P003,2024-06-26,2025-09,4868.12,594.16,261.01,0.0,0.03214,16
P003-2024-06-0017,P003,2024-06-26,2025-07,2711.25,245.41,126.49,55.72,0.03421,14
P003-2024-06-0017,P003,2024-06-26,2025-08,2820.35,85.04,222.68,28.54,0.03656,15
P003-2024-06-0017,P003,2024-06-26,2025-09,2524.04,373.79,92.58,15.11,0.02814,16
P003-2024-06-0021,P003,2024-06-04,2025-07,3381.29,243.33,142.67,0.0,0.03059,14
P003-2024-06-0021,P003,2024-06-04,2025-08,3224.3,201.51,44.51,0.0,0.02732,15
P003-2024-06-0021,P003,2024-06-04,2025-09,3182.26,217.59,175.55,0.0,0.02524,16
P003-2024-06-0022,P003,2024-06-17,2025-07,1846.27,120.42,74.83,22.59,0.02836,14
P003-2024-06-0022,P003,2024-06-17,2025-08,1793.35,93.07,66.05,25.91,0.0283,15
P003-2024-06-0022,P003,2024-06-17,2025-09,1688.42,150.88,89.82,43.86,0.03187,16
P003-2024-06-0023,P003,2024-06-05,2025-07,4672.68,158.77,155.99,4.35,0.03438,14
P003-2024-06-0023,P003,2024-06-05,2025-08,4489.61,334.9,214.82,62.99,0.02632,15
P003-2024-06-0023,P003,2024-06-05,2025-09,4288.26,352.96,179.8,28.19,0.02624,16
P003-2024-06-0024,P003,2024-06-14,2025-07,538.28,56.6,11.69,8.24,0.02705,14
P003-2024-06-0024,P003,2024-06-14,2025-08,520.75,42.18,26.57,1.93,0.0273,15
P003-2024-06-0024,P003,2024-06-14,2025-09,496.09,42.49,18.73,0.91,0.0344,16
P003-2024-06-0025,P003,2024-06-23,2025-07,5153.94,116.49,200.61,0.51,0.02786,14
P003-2024-06-0025,P003,2024-06-23,2025-08,4947.98,328.61,145.72,23.07,0.0291,15
P003-2024-06-0025,P003,2024-06-23,2025-09,4831.44,156.77,151.55,111.32,0.03087,16
P003-2024-06-0026,P003,2024-06-20,2025-07,7626.82,825.13,319.46,117.62,0.02768,14
P003-2024-06-0026,P003,2024-06-20,2025-08,7084.31,804.64,308.86,46.74,0.03551,15
P003-2024-06-0026,P003,2024-06-20,2025-09,6282.73,928.58,144.81,17.81,0.03445,16
P003-2024-06-0029,P003,2024-06-27,2025-07,2916.95,258.78,0.0,72.95,0.02759,14
P003-2024-06-0029,P003,2024-06-27,2025-08,2796.05,156.46,89.3,53.74,0.02944,15
P003-2024-06-0029,P003,2024-06-27,2025-09,2858.22,54.16,169.45,53.12,0.02986,16
P003-2024-06-0030,P003,2024-06-09,2025-07,5781.08,288.44,237.16,12.24,0.03347,14
P003-2024-06-0030,P003,2024-06-09,2025-08,5631.63,200.58,61.83,10.7,0.0245,15
P003-2024-06-0030,P003,2024-06-09,2025-09,5785.34,174.71,367.23,38.82,0.03276,16
P003-2024-06-0032,P003,2024-06-05,2025-07,7489.8,713.54,200.56,202.73,0.03019,14
P003-2024-06-0032,P003,2024-06-05,2025-08,7591.59,256.65,440.74,82.31,0.02983,15
P003-2024-06-0032,P003,2024-06-05,2025-09,7328.71,416.11,272.25,119.02,0.03171,16
P004-2023-06-0002,P004,2023-06-10,2025-07,3901.23,423.81,65.66,56.64,0.02735,26
P004-2023-06-0002,P004,2023-06-10,2025-08,3991.92,147.56,259.1,20.85,0.02739,27
P004-2023-06-0002,P004,2023-06-10,2025-09,3905.14,315.63,230.07,1.22,0.02668,28
P004-2023-06-0005,P004,2023-06-10,2025-07,2713.53,140.65,65.49,0.0,0.02294,26
P004-2023-06-0008,P004,2023-06-19,2025-07,2272.37,77.96,132.62,11.59,0.02415,26
P004-2023-06-0008,P004,2023-06-19,2025-08,2374.05,10.06,111.74,0.0,0.02984,27
P004-2023-06-0008,P004,2023-06-19,2025-09,2390.28,68.72,107.28,22.33,0.0264,28
P004-2023-06-0011,P004,2023-06-01,2025-07,451.05,22.84,26.6,7.99,0.02919,26
P004-2023-06-0011,P004,2023-06-01,2025-08,416.33,48.7,19.79,5.81,0.02794,27
P004-2023-06-0011,P004,2023-06-01,2025-09,401.47,21.24,10.59,4.21,0.02561,28
P004-2023-06-0014,P004,2023-06-13,2025-07,2666.17,319.73,20.82,19.66,0.02595,26
P004-2023-06-0014,P004,2023-06-13,2025-08,2465.03,306.76,170.4,64.78,0.0278,27
P004-2023-06-0014,P004,2023-06-13,2025-09,2399.51,213.48,147.96,0.0,0.02637,28
P004-2023-06-0030,P004,2023-06-09,2025-07,512.7,50.49,23.81,12.68,0.02436,26
P004-2023-06-0030,P004,2023-06-09,2025-08,481.0,46.62,14.91,0.0,0.02115,27
P004-2023-06-0030,P004,2023-06-09,2025-09,463.85,34.3,28.52,11.37,0.03208,28
P004-2023-06-0031,P004,2023-06-03,2025-07,3656.09,130.8,19.63,15.61,0.02615,26
P004-2023-06-0031,P004,2023-06-03,2025-08,3367.19,271.97,94.21,111.14,0.02722,27
P004-2023-06-0031,P004,2023-06-03,2025-09,3343.05,126.91,118.58,15.81,0.02607,28
P004-2023-06-0032,P004,2023-06-14,2025-07,3113.68,72.45,269.79,24.59,0.02611,26
P004-2023-06-0032,P004,2023-06-14,2025-08,3149.85,151.02,196.59,9.4,0.02254,27
P004-2023-06-0032,P004,2023-06-14,2025-09,3165.7,105.93,142.25,20.47,0.02199,28
P004-2023-07-0002,P004,2023-07-21,2025-07,1082.1,149.83,56.39,21.24,0.0214,25
P004-2023-07-0003,P004,2023-07-11,2025-07,3195.31,60.25,182.44,89.71,0.02521,25
P004-2023-07-0003,P004,2023-07-11,2025-08,3217.74,98.37,214.2,93.4,0.02826,26
P004-2023-07-0016,P004,2023-07-22,2025-07,1761.06,132.29,91.58,0.0,0.0226,25
P004-2023-07-0016,P004,2023-07-22,2025-08,1734.25,78.4,92.69,41.11,0.03001,26
P004-2023-07-0016,P004,2023-07-22,2025-09,1699.15,60.47,48.28,22.92,0.02144,27
P004-2023-07-0022,P004,2023-07-22,2025-07,3698.9,327.08,174.69,33.93,0.02399,25
P004-2023-07-0022,P004,2023-07-22,2025-08,3648.62,294.48,245.52,1.32,0.0178,26
P004-2023-07-0022,P004,2023-07-22,2025-09,3301.96,331.63,81.95,96.98,0.03081,27
P004-2023-07-0024,P004,2023-07-05,2025-07,1773.77,84.63,27.57,10.68,0.02513,25
P004-2023-07-0024,P004,2023-07-05,2025-08,1798.9,17.59,71.52,28.81,0.02863,26
P004-2023-07-0024,P004,2023-07-05,2025-09,1647.95,201.99,68.6,17.55,0.02101,27
P004-2023-08-0000,P004,2023-08-18,2025-07,1563.67,23.95,48.0,0.0,0.02642,24
P004-2023-08-0000,P004,2023-08-18,2025-08,1671.07,3.8,143.31,32.11,0.01981,25
P004-2023-08-0000,P004,2023-08-18,2025-09,1592.21,151.99,88.56,15.43,0.02726,26
P004-2023-08-0004,P004,2023-08-13,2025-07,2284.1,0.0,54.72,19.38,0.02983,24
P004-2023-08-0004,P004,2023-08-13,2025-08,2150.54,153.85,62.08,41.79,0.02457,25
P004-2023-08-0004,P004,2023-08-13,2025-09,1896.99,264.32,54.78,44.01,0.02562,26
P004-2023-08-0015,P004,2023-08-23,2025-07,1579.01,254.82,74.64,8.48,0.02657,24
P004-2023-08-0017,P004,2023-08-05,2025-07,1402.84,0.0,49.97,0.43,0.02496,24
P004-2023-08-0026,P004,2023-08-11,2025-07,1775.88,112.03,31.81,0.0,0.02022,24
P004-2023-08-0026,P004,2023-08-11,2025-08,1828.58,25.4,82.93,4.83,0.02453,25
P004-2023-08-0026,P004,2023-08-11,2025-09,1721.34,174.43,84.96,17.77,0.01894,26
P004-2023-08-0027,P004,2023-08-09,2025-07,2740.69,151.35,144.85,0.0,0.02826,24
P004-2023-08-0027,P004,2023-08-09,2025-08,2638.8,176.69,148.66,73.85,0.02885,25
P004-2023-08-0027,P004,2023-08-09,2025-09,2629.52,157.22,147.94,0.0,0.02464,26
P004-2023-08-0030,P004,2023-08-09,2025-07,1261.12,40.41,86.46,12.65,0.02263,24
P004-2023-08-0030,P004,2023-08-09,2025-08,1161.66,154.63,55.17,0.0,0.02847,25
P004-2023-08-0030,P004,2023-08-09,2025-09,1141.6,25.45,10.43,5.04,0.02045,26
P004-2023-09-0002,P004,2023-09-04,2025-07,2544.23,141.54,151.32,0.0,0.02452,23
P004-2023-09-0002,P004,2023-09-04,2025-08,2482.7,156.41,94.89,0.0,0.02235,24
P004-2023-09-0002,P004,2023-09-04,2025-09,2371.32,166.68,145.56,90.27,0.02357,25
P004-2023-09-0003,P004,2023-09-12,2025-07,5481.4,269.16,276.33,45.77,0.02529,23
P004-2023-09-0003,P004,2023-09-12,2025-08,5147.88,462.61,168.74,39.65,0.02451,24
P004-2023-09-0012,P004,2023-09-21,2025-07,4074.46,2.32,151.09,52.24,0.02879,23
P004-2023-09-0012,P004,2023-09-21,2025-08,3675.73,439.94,50.89,9.68,0.022,24
P004-2023-09-0012,P004,2023-09-21,2025-09,3574.56,162.25,92.55,31.47,0.02236,25
P004-2023-09-0013,P004,2023-09-25,2025-07,2454.74,71.58,8.92,34.82,0.02562,23
P004-2023-09-0013,P004,2023-09-25,2025-08,2323.46,222.15,130.06,39.19,0.02208,24
P004-2023-09-0013,P004,2023-09-25,2025-09,1971.39,281.34,6.31,77.04,0.02584,25
P004-2023-09-0022,P004,2023-09-16,2025-07,5111.37,57.13,321.65,114.46,0.02597,23
P004-2023-09-0022,P004,2023-09-16,2025-08,5202.16,159.97,284.54,33.79,0.02208,24
P004-2023-09-0022,P004,2023-09-16,2025-09,5068.39,308.15,174.38,0.0,0.0266,25
P004-2023-09-0025,P004,2023-09-20,2025-07,4332.43,389.87,9.37,30.65,0.02503,23
P004-2023-09-0025,P004,2023-09-20,2025-08,3914.52,586.25,168.34,0.0,0.02304,24
P004-2023-09-0025,P004,2023-09-20,2025-09,3703.8,156.98,7.68,61.42,0.03111,25
P004-2023-09-0026,P004,2023-09-08,2025-07,4482.35,143.19,277.63,0.0,0.02071,23
P004-2023-09-0026,P004,2023-09-08,2025-08,4374.33,191.93,83.91,0.0,0.0251,24
P004-2023-09-0026,P004,2023-09-08,2025-09,4024.98,444.66,103.86,8.55,0.02585,25
P004-2023-09-0037,P004,2023-09-14,2025-07,4559.12,220.66,119.9,0.0,0.02217,23
P004-2023-09-0038,P004,2023-09-04,2025-07,1481.17,114.08,23.21,31.13,0.02515,23
P004-2023-09-0038,P004,2023-09-04,2025-08,1411.87,121.08,57.6,5.81,0.02487,24
P004-2023-09-0038,P004,2023-09-04,2025-09,1352.31,95.38,35.82,0.0,0.02085,25
P004-2023-09-0039,P004,2023-09-08,2025-07,13454.57,389.24,377.44,99.33,0.01867,23
P004-2023-09-0039,P004,2023-09-08,2025-08,13655.69,110.84,770.18,458.22,0.02073,24
P004-2023-09-0039,P004,2023-09-08,2025-09,13117.63,783.73,245.67,0.0,0.02484,25
P004-2023-10-0002,P004,2023-10-19,2025-07,1745.17,58.77,75.73,18.58,0.02232,22
P004-2023-10-0002,P004,2023-10-19,2025-08,1815.22,46.56,116.61,0.0,0.02712,23
P004-2023-10-0002,P004,2023-10-19,2025-09,1869.78,27.84,105.89,23.5,0.02404,24
P004-2023-10-0004,P004,2023-10-12,2025-07,4744.08,434.73,300.02,59.83,0.02503,22
P004-2023-10-0004,P004,2023-10-12,2025-08,4537.49,370.22,260.62,96.99,0.02423,23
P004-2023-10-0004,P004,2023-10-12,2025-09,4285.06,261.99,87.22,77.66,0.02164,24
P004-2023-10-0009,P004,2023-10-04,2025-07,1265.95,28.06,76.09,12.75,0.02258,22
P004-2023-10-0009,P004,2023-10-04,2025-08,1336.92,5.62,76.59,0.0,0.02372,23
P004-2023-10-0009,P004,2023-10-04,2025-09,1250.52,109.81,45.76,22.35,0.0234,24
P004-2023-10-0013,P004,2023-10-04,2025-07,1322.05,131.08,39.09,3.74,0.02215,22
P004-2023-10-0013,P004,2023-10-04,2025-08,1292.88,45.91,16.74,0.0,0.02697,23
P004-2023-10-0013,P004,2023-10-04,2025-09,1197.79,162.43,67.34,0.0,0.02399,24
P004-2023-10-0014,P004,2023-10-24,2025-07,1820.13,80.83,136.42,0.0,0.02302,22
P004-2023-10-0014,P004,2023-10-24,2025-08,1863.68,30.76,74.31,0.0,0.02024,23
P004-2023-10-0014,P004,2023-10-24,2025-09,1953.71,0.0,104.56,14.53,0.0221,24
P004-2023-10-0015,P004,2023-10-27,2025-07,2289.38,31.01,20.76,4.67,0.02031,22
P004-2023-10-0015,P004,2023-10-27,2025-08,2228.69,162.34,127.63,25.98,0.02377,23
P004-2023-10-0015,P004,2023-10-27,2025-09,2065.59,236.16,78.93,5.87,0.02652,24
P004-2023-10-0017,P004,2023-10-06,2025-07,2689.03,198.59,84.79,8.37,0.02547,22
P004-2023-10-0017,P004,2023-10-06,2025-08,2513.12,262.7,103.64,16.85,0.02588,23
P004-2023-10-0017,P004,2023-10-06,2025-09,2463.31,114.32,64.94,0.43,0.02379,24
P004-2023-10-0018,P004,2023-10-08,2025-07,1631.2,68.3,73.59,23.33,0.02089,22
P004-2023-10-0018,P004,2023-10-08,2025-08,1567.48,126.81,70.34,7.26,0.02849,23
P004-2023-10-0018,P004,2023-10-08,2025-09,1536.48,48.36,46.15,28.8,0.02422,24
P004-2023-10-0019,P004,2023-10-19,2025-07,5445.13,327.69,216.45,105.1,0.02319,22
P004-2023-10-0019,P004,2023-10-19,2025-08,5216.82,361.63,173.54,40.22,0.02397,23
P004-2023-10-0019,P004,2023-10-19,2025-09,4990.71,398.52,173.21,0.8,0.02265,24
P004-2023-10-0020,P004,2023-10-16,2025-07,4717.69,176.12,0.0,70.05,0.0256,22
P004-2023-10-0020,P004,2023-10-16,2025-08,4305.25,372.66,0.0,39.78,0.02677,23
P004-2023-10-0020,P004,2023-10-16,2025-09,4111.27,334.08,224.1,84.0,0.02464,24
P004-2023-10-0021,P004,2023-10-02,2025-07,4741.27,357.74,180.37,31.74,0.02431,22
P004-2023-10-0021,P004,2023-10-02,2025-08,4822.69,187.94,296.58,27.23,0.02338,23
P004-2023-10-0021,P004,2023-10-02,2025-09,4702.37,298.74,178.43,0.0,0.02526,24
P004-2023-10-0023,P004,2023-10-19,2025-07,2381.91,281.06,127.13,3.3,0.02955,22
P004-2023-10-0023,P004,2023-10-19,2025-08,2401.67,84.13,121.24,17.35,0.02842,23
P004-2023-10-0023,P004,2023-10-19,2025-09,2334.95,62.29,50.16,54.59,0.02732,24
P004-2023-10-0024,P004,2023-10-03,2025-07,5305.61,132.49,197.37,27.26,0.0254,22
P004-2023-10-0024,P004,2023-10-03,2025-08,4746.05,586.14,47.89,21.31,0.02623,23
P004-2023-10-0024,P004,2023-10-03,2025-09,4699.87,0.0,0.0,46.18,0.02784,24
P004-2023-10-0034,P004,2023-10-22,2025-07,2587.06,267.34,54.89,0.0,0.02386,22
P004-2023-10-0034,P004,2023-10-22,2025-08,2533.29,145.7,108.64,16.71,0.02452,23
P004-2023-10-0034,P004,2023-10-22,2025-09,2465.33,158.33,90.37,0.0,0.02219,24
P004-2023-10-0037,P004,2023-10-20,2025-07,8118.09,346.68,329.9,103.38,0.02336,22
P004-2023-10-0037,P004,2023-10-20,2025-08,7794.33,843.01,519.26,0.0,0.02501,23
P004-2023-10-0037,P004,2023-10-20,2025-09,7816.0,121.78,251.58,108.12,0.0255,24
P004-2023-10-0039,P004,2023-10-17,2025-07,10254.09,932.06,508.4,123.99,0.02672,22
P004-2023-10-0041,P004,2023-10-05,2025-07,7211.24,460.96,238.44,0.0,0.02401,22
P004-2023-10-0041,P004,2023-10-05,2025-08,6938.54,454.15,323.21,141.75,0.02748,23
P004-2023-10-0041,P004,2023-10-05,2025-09,6433.41,603.59,108.06,9.6,0.02592,24
P004-2023-11-0000,P004,2023-11-20,2025-07,8272.06,330.72,426.82,0.0,0.02356,21
P004-2023-11-0000,P004,2023-11-20,2025-08,7329.69,1060.12,117.74,0.0,0.02804,22
P004-2023-11-0000,P004,2023-11-20,2025-09,7063.11,191.13,98.24,173.69,0.03213,23
P004-2023-11-0006,P004,2023-11-09,2025-07,6950.1,1010.1,407.41,169.25,0.02694,21
P004-2023-11-0006,P004,2023-11-09,2025-08,6371.14,491.68,0.0,87.28,0.02397,22
P004-2023-11-0006,P004,2023-11-09,2025-09,6440.35,277.77,346.98,0.0,0.02587,23
P004-2023-11-0009,P004,2023-11-25,2025-07,2352.7,189.78,100.25,23.94,0.02983,21
P004-2023-11-0009,P004,2023-11-25,2025-08,2298.37,110.32,70.38,14.39,0.02121,22
P004-2023-11-0009,P004,2023-11-25,2025-09,2282.8,88.25,81.05,8.38,0.02487,23
P004-2023-11-0010,P004,2023-11-17,2025-07,3089.57,248.66,83.78,58.06,0.027,21
P004-2023-11-0010,P004,2023-11-17,2025-08,3002.22,75.2,84.66,96.81,0.03203,22
P004-2023-11-0010,P004,2023-11-17,2025-09,2974.61,176.33,172.19,23.47,0.02438,23
P004-2023-11-0013,P004,2023-11-20,2025-07,4900.41,303.24,235.97,114.79,0.02009,21
P004-2023-11-0013,P004,2023-11-20,2025-08,4659.54,282.09,73.63,32.41,0.02896,22
P004-2023-11-0014,P004,2023-11-01,2025-07,3737.0,364.94,160.33,40.03,0.02161,21
P004-2023-11-0014,P004,2023-11-01,2025-08,3631.15,168.62,95.21,32.45,0.02088,22
P004-2023-11-0014,P004,2023-11-01,2025-09,3432.63,262.05,132.36,68.83,0.01858,23
P004-2023-11-0015,P004,2023-11-16,2025-07,2922.63,244.65,68.48,41.28,0.02557,21
P004-2023-11-0015,P004,2023-11-16,2025-08,2788.87,220.16,86.4,0.0,0.0223,22
P004-2023-11-0015,P004,2023-11-16,2025-09,2924.25,33.58,182.87,13.92,0.02506,23
P004-2023-11-0016,P004,2023-11-14,2025-07,2536.68,119.28,85.47,70.68,0.02843,21
P004-2023-11-0016,P004,2023-11-14,2025-08,2398.92,193.64,108.38,52.5,0.01803,22
P004-2023-11-0016,P004,2023-11-14,2025-09,2178.06,255.81,55.75,20.8,0.02621,23
P004-2023-11-0018,P004,2023-11-12,2025-07,5691.37,159.06,274.62,104.01,0.02501,21
P004-2023-11-0018,P004,2023-11-12,2025-08,5929.04,0.0,321.93,84.26,0.02336,22
P004-2023-11-0018,P004,2023-11-12,2025-09,5520.62,463.96,83.13,27.59,0.025,23
P004-2023-11-0019,P004,2023-11-21,2025-07,1519.43,105.85,59.13,11.4,0.02784,21
P004-2023-11-0019,P004,2023-11-21,2025-08,1490.58,50.14,32.53,11.24,0.02467,22
P004-2023-11-0027,P004,2023-11-19,2025-07,4818.62,257.01,157.67,118.83,0.02844,21
P004-2023-11-0027,P004,2023-11-19,2025-08,4825.31,166.85,175.73,2.19,0.02513,22
P004-2023-11-0027,P004,2023-11-19,2025-09,4786.1,241.48,251.4,49.13,0.02365,23
P004-2023-11-0029,P004,2023-11-19,2025-07,2851.49,163.85,73.39,51.26,0.0237,21
P004-2023-11-0029,P004,2023-11-19,2025-08,2840.16,220.41,214.72,5.64,0.02115,22
P004-2023-11-0029,P004,2023-11-19,2025-09,2708.91,157.77,113.87,87.35,0.02641,23
P004-2023-12-0000,P004,2023-12-20,2025-07,4221.44,62.35,185.89,0.0,0.0281,20
P004-2023-12-0000,P004,2023-12-20,2025-08,3876.52,330.6,102.99,117.31,0.02911,21
P004-2023-12-0000,P004,2023-12-20,2025-09,3675.43,276.91,127.82,52.01,0.0221,22
P004-2023-12-0002,P004,2023-12-21,2025-07,4220.16,174.69,183.73,82.99,0.02758,20
P004-2023-12-0002,P004,2023-12-21,2025-08,4044.78,306.74,131.36,0.0,0.02372,21
P004-2023-12-0002,P004,2023-12-21,2025-09,3986.53,257.63,245.12,45.74,0.01904,22
P004-2023-12-0003,P004,2023-12-04,2025-07,3592.46,289.91,189.72,18.62,0.02929,20
P004-2023-12-0003,P004,2023-12-04,2025-08,3650.87,107.23,166.94,1.3,0.02161,21
P004-2023-12-0003,P004,2023-12-04,2025-09,3826.01,33.46,264.77,56.17,0.02409,22
P004-2023-12-0004,P004,2023-12-03,2025-07,2199.31,169.53,37.99,22.13,0.02382,20
P004-2023-12-0004,P004,2023-12-03,2025-08,2077.65,216.04,102.88,8.49,0.01842,21
P004-2023-12-0004,P004,2023-12-03,2025-09,2084.66,0.0,30.97,23.96,0.02713,22
P004-2023-12-0007,P004,2023-12-05,2025-07,7758.35,568.36,330.14,0.0,0.02068,20
P004-2023-12-0007,P004,2023-12-05,2025-08,7576.58,475.5,364.31,70.58,0.02354,21
P004-2023-12-0007,P004,2023-12-05,2025-09,7240.3,598.49,307.69,45.48,0.02668,22
P004-2023-12-0014,P004,2023-12-19,2025-07,2913.73,305.34,149.58,24.92,0.02888,20
P004-2023-12-0015,P004,2023-12-25,2025-07,2059.44,151.99,112.86,33.22,0.025,20
P004-2023-12-0015,P004,2023-12-25,2025-08,2044.0,93.91,106.74,28.28,0.02506,21
P004-2023-12-0015,P004,2023-12-25,2025-09,2022.11,60.09,61.74,23.54,0.02222,22
P004-2023-12-0016,P004,2023-12-20,2025-07,6098.36,553.37,195.9,221.23,0.02153,20
P004-2023-12-0016,P004,2023-12-20,2025-08,6126.78,203.94,322.58,90.23,0.02874,21
P004-2023-12-0016,P004,2023-12-20,2025-09,5658.1,700.7,336.62,104.61,0.02573,22
P004-2023-12-0018,P004,2023-12-21,2025-07,2891.48,115.21,165.46,56.75,0.02081,20
P004-2023-12-0018,P004,2023-12-21,2025-08,2756.78,150.17,36.47,21.0,0.02907,21
P004-2023-12-0018,P004,2023-12-21,2025-09,2717.43,134.98,95.63,0.0,0.02503,22
P004-2023-12-0020,P004,2023-12-03,2025-07,3427.66,150.55,149.22,37.96,0.02781,20
P004-2023-12-0020,P004,2023-12-03,2025-08,3248.28,337.2,166.7,8.87,0.02014,21
P004-2023-12-0020,P004,2023-12-03,2025-09,2840.9,415.16,7.78,0.0,0.0283,22
P004-2023-12-0021,P004,2023-12-24,2025-07,2226.04,95.84,75.32,34.94,0.02792,20
P004-2023-12-0021,P004,2023-12-24,2025-08,2133.57,124.09,61.92,30.3,0.02856,21
P004-2023-12-0021,P004,2023-12-24,2025-09,2017.87,89.0,1.24,27.93,0.02207,22
P004-2023-12-0023,P004,2023-12-07,2025-07,2055.16,164.27,113.01,0.0,0.02559,20
P004-2023-12-0023,P004,2023-12-07,2025-08,1924.05,166.35,53.14,17.89,0.02753,21
P004-2023-12-0023,P004,2023-12-07,2025-09,1852.43,73.37,46.88,45.14,0.02783,22
P004-2023-12-0030,P004,2023-12-17,2025-07,2702.89,238.25,87.04,28.09,0.02772,20
P004-2023-12-0030,P004,2023-12-17,2025-08,2609.67,201.41,108.19,0.0,0.02464,21
P004-2023-12-0030,P004,2023-12-17,2025-09,2599.16,56.95,99.03,52.59,0.02866,22
P004-2023-12-0032,P004,2023-12-12,2025-07,4239.09,262.83,366.57,119.91,0.02863,20
P004-2023-12-0032,P004,2023-12-12,2025-08,4019.34,246.95,144.17,116.97,0.01852,21
P004-2023-12-0039,P004,2023-12-26,2025-07,4415.26,510.55,212.99,89.21,0.0269,20
P004-2023-12-0039,P004,2023-12-26,2025-08,4261.85,331.24,225.17,47.34,0.02828,21
P004-2023-12-0039,P004,2023-12-26,2025-09,4288.53,203.95,247.38,16.74,0.02209,22
P004-2023-12-0040,P004,2023-12-24,2025-07,1613.37,59.9,31.4,14.85,0.02255,20
P004-2023-12-0040,P004,2023-12-24,2025-08,1462.09,164.66,24.99,11.61,0.02594,21
P004-2023-12-0040,P004,2023-12-24,2025-09,1386.43,148.74,76.85,3.78,0.02736,22
P004-2024-01-0001,P004,2024-01-09,2025-07,2761.27,118.09,48.07,7.89,0.02775,19
P004-2024-01-0001,P004,2024-01-09,2025-08,2667.56,144.51,79.38,28.58,0.02392,20
P004-2024-01-0001,P004,2024-01-09,2025-09,2708.23,118.73,209.68,50.28,0.02633,21
P004-2024-01-0003,P004,2024-01-05,2025-07,1855.49,99.07,0.0,19.17,0.02197,19
P004-2024-01-0003,P004,2024-01-05,2025-08,1892.46,76.2,114.0,0.83,0.02506,20
P004-2024-01-0003,P004,2024-01-05,2025-09,1990.23,0.0,114.77,17.0,0.02402,21
P004-2024-01-0004,P004,2024-01-26,2025-07,3375.59,167.89,123.44,15.47,0.0322,19
P004-2024-01-0004,P004,2024-01-26,2025-08,3311.74,50.13,34.04,47.76,0.02755,20
P004-2024-01-0004,P004,2024-01-26,2025-09,3172.71,154.39,41.26,25.89,0.02826,21
P004-2024-01-0006,P004,2024-01-23,2025-07,2580.85,171.61,180.52,7.3,0.02192,19
P004-2024-01-0006,P004,2024-01-23,2025-08,2477.93,182.52,107.6,28.0,0.02538,20
P004-2024-01-0006,P004,2024-01-23,2025-09,2505.84,66.78,119.0,24.3,0.02616,21
P004-2024-01-0007,P004,2024-01-13,2025-07,2224.04,122.55,107.41,0.0,0.02435,19
P004-2024-01-0007,P004,2024-01-13,2025-08,2281.68,9.62,92.36,25.1,0.02775,20
P004-2024-01-0007,P004,2024-01-13,2025-09,2309.68,84.09,129.76,17.67,0.02689,21
P004-2024-01-0008,P004,2024-01-10,2025-07,1217.06,93.95,46.34,6.23,0.02627,19
P004-2024-01-0008,P004,2024-01-10,2025-08,1231.55,5.89,49.64,29.26,0.02304,20
P004-2024-01-0008,P004,2024-01-10,2025-09,1247.89,25.59,48.56,6.62,0.02444,21
P004-2024-01-0012,P004,2024-01-18,2025-07,3556.19,262.66,222.07,45.77,0.02782,19
P004-2024-01-0012,P004,2024-01-18,2025-08,3451.52,242.51,149.58,11.74,0.03248,20
P004-2024-01-0012,P004,2024-01-18,2025-09,3256.53,273.29,123.38,45.08,0.02869,21
P004-2024-01-0014,P004,2024-01-17,2025-07,1593.69,119.5,48.41,8.41,0.02448,19
P004-2024-01-0014,P004,2024-01-17,2025-08,1589.21,56.62,52.14,0.0,0.026,20
P004-2024-01-0017,P004,2024-01-24,2025-07,1993.13,44.32,165.51,0.0,0.02559,19
P004-2024-01-0017,P004,2024-01-24,2025-08,1961.16,51.92,65.47,45.51,0.02314,20
P004-2024-01-0017,P004,2024-01-24,2025-09,1993.22,104.37,139.98,3.55,0.02646,21
P004-2024-01-0018,P004,2024-01-09,2025-07,3302.97,363.71,146.7,0.0,0.0275,19
P004-2024-01-0018,P004,2024-01-09,2025-08,3377.5,44.96,131.11,11.63,0.02607,20
P004-2024-01-0018,P004,2024-01-09,2025-09,3361.06,99.37,142.06,59.13,0.03054,21
P004-2024-01-0019,P004,2024-01-17,2025-07,2301.23,141.83,45.44,43.88,0.02505,19
P004-2024-01-0019,P004,2024-01-17,2025-08,2262.16,91.12,73.92,21.87,0.02861,20
P004-2024-01-0019,P004,2024-01-17,2025-09,2010.54,266.05,41.89,27.47,0.02398,21
P004-2024-01-0021,P004,2024-01-16,2025-07,5713.32,789.58,54.84,29.27,0.025,19
P004-2024-01-0021,P004,2024-01-16,2025-08,5553.88,389.93,230.49,0.0,0.02225,20
P004-2024-01-0021,P004,2024-01-16,2025-09,5207.97,397.2,51.29,0.0,0.02585,21
P004-2024-01-0027,P004,2024-01-13,2025-07,1492.38,78.55,67.18,38.6,0.02584,19
P004-2024-01-0027,P004,2024-01-13,2025-08,1504.54,34.26,46.42,0.0,0.0205,20
P004-2024-01-0027,P004,2024-01-13,2025-09,1459.08,106.39,93.54,32.61,0.02313,21
P004-2024-01-0030,P004,2024-01-25,2025-07,4278.37,402.02,141.36,85.71,0.02234,19
P004-2024-01-0030,P004,2024-01-25,2025-08,4015.88,388.83,126.34,0.0,0.02352,20
P004-2024-01-0030,P004,2024-01-25,2025-09,3965.17,234.31,183.61,0.0,0.02121,21
P004-2024-01-0031,P004,2024-01-23,2025-07,2688.75,174.68,92.93,15.65,0.01876,19
P004-2024-01-0031,P004,2024-01-23,2025-08,2673.09,102.61,138.94,51.99,0.02405,20
P004-2024-01-0031,P004,2024-01-23,2025-09,2648.9,181.54,158.46,1.11,0.02305,21
P004-2024-01-0033,P004,2024-01-18,2025-07,7280.22,707.45,499.48,66.36,0.02609,19
P004-2024-01-0033,P004,2024-01-18,2025-08,7241.48,346.61,322.06,14.2,0.02218,20
P004-2024-01-0033,P004,2024-01-18,2025-09,7373.69,274.28,479.88,73.39,0.02297,21
P004-2024-01-0034,P004,2024-01-22,2025-07,5348.68,471.81,187.54,184.02,0.02629,19
P004-2024-01-0035,P004,2024-01-01,2025-07,1659.6,137.61,61.82,14.97,0.02968,19
P004-2024-01-0035,P004,2024-01-01,2025-08,1614.51,97.96,52.87,0.0,0.02308,20
P004-2024-01-0035,P004,2024-01-01,2025-09,1513.55,136.22,50.49,15.23,0.02257,21
P004-2024-01-0037,P004,2024-01-27,2025-07,2727.29,270.52,221.51,68.64,0.03008,19
P004-2024-01-0037,P004,2024-01-27,2025-08,2517.71,255.79,61.65,15.43,0.02815,20
P004-2024-01-0037,P004,2024-01-27,2025-09,2419.51,189.11,98.87,7.96,0.02804,21
P004-2024-02-0000,P004,2024-02-11,2025-07,2570.9,60.8,72.88,13.53,0.02439,18
P004-2024-02-0000,P004,2024-02-11,2025-08,2699.47,0.0,137.39,8.81,0.02589,19
P004-2024-02-0000,P004,2024-02-11,2025-09,2643.61,165.88,110.02,0.0,0.02387,20
P004-2024-02-0001,P004,2024-02-22,2025-07,3328.97,76.41,216.66,13.47,0.02494,18
P004-2024-02-0001,P004,2024-02-22,2025-08,3248.19,298.55,229.09,11.31,0.02542,19
P004-2024-02-0001,P004,2024-02-22,2025-09,3310.83,158.94,222.28,0.7,0.02323,20
P004-2024-02-0002,P004,2024-02-05,2025-07,2280.23,159.36,205.16,30.09,0.0256,18
P004-2024-02-0002,P004,2024-02-05,2025-08,2259.67,95.55,114.15,39.17,0.02445,19
P004-2024-02-0002,P004,2024-02-05,2025-09,2103.56,116.13,22.65,62.63,0.02077,20
P004-2024-02-0005,P004,2024-02-24,2025-07,3018.74,257.29,164.55,0.0,0.02932,18
P004-2024-02-0005,P004,2024-02-24,2025-08,2883.68,237.89,146.02,43.19,0.02484,19
P004-2024-02-0005,P004,2024-02-24,2025-09,2612.3,324.86,100.41,46.94,0.02741,20
P004-2024-02-0006,P004,2024-02-02,2025-07,4445.92,216.21,338.06,51.79,0.02279,18
P004-2024-02-0006,P004,2024-02-02,2025-08,4522.85,150.64,266.77,39.19,0.02645,19
P004-2024-02-0006,P004,2024-02-02,2025-09,4162.75,543.38,261.52,78.24,0.02434,20
P004-2024-02-0007,P004,2024-02-09,2025-07,6976.33,130.25,174.69,0.0,0.0212,18
P004-2024-02-0007,P004,2024-02-09,2025-08,7034.03,285.03,402.84,60.11,0.03203,19
P004-2024-02-0007,P004,2024-02-09,2025-09,6886.64,378.2,288.97,58.17,0.01707,20
P004-2024-02-0008,P004,2024-02-23,2025-07,2296.33,63.94,96.12,14.22,0.0216,18
P004-2024-02-0008,P004,2024-02-23,2025-08,2273.31,125.39,102.37,0.0,0.01895,19
P004-2024-02-0008,P004,2024-02-23,2025-09,2183.78,135.33,74.14,28.35,0.02727,20
P004-2024-02-0010,P004,2024-02-06,2025-07,1222.84,54.23,78.78,15.14,0.02278,18
P004-2024-02-0010,P004,2024-02-06,2025-08,1173.84,92.11,46.4,3.28,0.02545,19
P004-2024-02-0010,P004,2024-02-06,2025-09,1152.59,59.16,47.95,10.04,0.03108,20
P004-2024-02-0013,P004,2024-02-18,2025-07,1409.42,41.83,60.77,0.0,0.021,18
P004-2024-02-0013,P004,2024-02-18,2025-08,1246.04,192.24,33.82,4.96,0.02275,19
P004-2024-02-0013,P004,2024-02-18,2025-09,1206.14,97.02,57.12,0.0,0.02138,20
P004-2024-02-0015,P004,2024-02-16,2025-07,3980.7,179.88,286.28,15.71,0.02763,18
P004-2024-02-0015,P004,2024-02-16,2025-08,3904.3,224.98,210.9,62.32,0.0278,19
P004-2024-02-0015,P004,2024-02-16,2025-09,4106.44,0.28,212.67,10.24,0.02157,20
P004-2024-02-0017,P004,2024-02-10,2025-07,4486.89,593.52,292.59,123.22,0.02475,18
P004-2024-02-0017,P004,2024-02-10,2025-08,4158.4,311.91,16.98,33.56,0.02698,19
P004-2024-02-0017,P004,2024-02-10,2025-09,3927.49,269.77,127.4,88.53,0.02486,20
P004-2024-02-0018,P004,2024-02-18,2025-07,2858.26,70.52,78.35,36.38,0.02584,18
P004-2024-02-0018,P004,2024-02-18,2025-08,2849.92,1.44,33.59,40.49,0.02794,19
P004-2024-02-0021,P004,2024-02-25,2025-07,2105.36,168.62,73.45,52.49,0.02678,18
P004-2024-02-0021,P004,2024-02-25,2025-08,2036.98,208.51,140.13,0.0,0.01748,19
P004-2024-02-0021,P004,2024-02-25,2025-09,1936.7,142.95,63.56,20.9,0.02506,20
P004-2024-02-0024,P004,2024-02-03,2025-07,4358.46,0.0,108.34,76.43,0.01985,18
P004-2024-02-0024,P004,2024-02-03,2025-08,4380.82,0.0,80.51,58.15,0.02452,19
P004-2024-02-0024,P004,2024-02-03,2025-09,4546.51,25.16,238.14,47.29,0.0243,20
P004-2024-02-0025,P004,2024-02-17,2025-07,2378.0,125.95,65.75,46.8,0.02548,18
P004-2024-02-0025,P004,2024-02-17,2025-08,2328.78,12.97,8.66,44.91,0.02391,19
P004-2024-02-0025,P004,2024-02-17,2025-09,2442.64,0.0,119.81,5.95,0.0198,20
P004-2024-02-0027,P004,2024-02-01,2025-07,1432.98,42.62,54.85,19.78,0.02005,18
P004-2024-02-0027,P004,2024-02-01,2025-08,1411.21,46.58,30.85,6.04,0.02513,19
P004-2024-02-0027,P004,2024-02-01,2025-09,1354.54,90.86,40.53,6.34,0.02638,20
P004-2024-02-0028,P004,2024-02-07,2025-07,1256.74,23.28,1.48,14.88,0.02399,18
P004-2024-02-0028,P004,2024-02-07,2025-08,1208.07,118.89,70.22,0.0,0.02126,19
P004-2024-02-0028,P004,2024-02-07,2025-09,1229.1,9.45,52.88,22.39,0.02323,20
P004-2024-03-0000,P004,2024-03-07,2025-07,1606.11,92.47,126.17,6.0,0.02711,17
P004-2024-03-0000,P004,2024-03-07,2025-08,1606.67,80.36,94.75,13.83,0.02617,18
P004-2024-03-0000,P004,2024-03-07,2025-09,1491.94,123.95,27.4,18.18,0.02579,19
P004-2024-03-0002,P004,2024-03-08,2025-07,13758.03,700.11,547.04,250.47,0.02063,17
P004-2024-03-0002,P004,2024-03-08,2025-08,14130.87,249.56,816.46,194.06,0.02585,18
P004-2024-03-0003,P004,2024-03-10,2025-07,1213.01,51.14,103.52,20.81,0.02253,17
P004-2024-03-0003,P004,2024-03-10,2025-08,1089.3,151.84,33.89,5.77,0.02779,18
P004-2024-03-0003,P004,2024-03-10,2025-09,1064.69,68.29,55.6,11.92,0.03045,19
P004-2024-03-0004,P004,2024-03-26,2025-07,6987.23,727.56,544.07,119.39,0.02537,17
P004-2024-03-0004,P004,2024-03-26,2025-08,6961.43,410.4,384.6,0.0,0.0241,18
P004-2024-03-0004,P004,2024-03-26,2025-09,6805.94,332.62,180.93,3.79,0.01919,19
P004-2024-03-0005,P004,2024-03-02,2025-07,3178.66,18.63,160.06,3.09,0.02943,17
P004-2024-03-0005,P004,2024-03-02,2025-08,3197.24,74.31,113.87,20.98,0.02049,18
P004-2024-03-0005,P004,2024-03-02,2025-09,3244.62,116.55,201.64,37.7,0.02432,19
P004-2024-03-0007,P004,2024-03-10,2025-07,3281.53,292.36,91.36,12.31,0.02748,17
P004-2024-03-0007,P004,2024-03-10,2025-08,3140.82,228.23,97.21,9.7,0.02453,18
P004-2024-03-0007,P004,2024-03-10,2025-09,2871.6,270.98,45.19,43.44,0.02521,19
P004-2024-03-0008,P004,2024-03-09,2025-07,8192.87,664.89,398.38,201.52,0.0245,17
P004-2024-03-0008,P004,2024-03-09,2025-08,7588.77,482.33,66.84,188.61,0.02469,18
P004-2024-03-0008,P004,2024-03-09,2025-09,7049.14,547.46,114.34,106.51,0.02974,19
P004-2024-03-0009,P004,2024-03-05,2025-07,3011.41,254.51,205.52,29.65,0.02413,17
P004-2024-03-0009,P004,2024-03-05,2025-08,2922.61,214.16,125.36,0.0,0.02393,18
P004-2024-03-0009,P004,2024-03-05,2025-09,2813.13,130.2,78.42,57.7,0.02639,19
P004-2024-03-0011,P004,2024-03-27,2025-07,9659.3,564.44,471.57,175.34,0.02259,17
P004-2024-03-0011,P004,2024-03-27,2025-08,9600.58,196.9,246.58,108.39,0.02209,18
P004-2024-03-0011,P004,2024-03-27,2025-09,8707.38,1137.44,409.22,164.98,0.026,19
P004-2024-03-0016,P004,2024-03-14,2025-07,2228.59,56.86,76.29,28.25,0.02127,17
P004-2024-03-0016,P004,2024-03-14,2025-08,2158.51,197.25,147.45,20.27,0.02475,18
P004-2024-03-0016,P004,2024-03-14,2025-09,2159.4,69.59,87.5,17.02,0.0247,19
P004-2024-03-0021,P004,2024-03-22,2025-07,2274.86,76.78,153.14,16.08,0.02929,17
P004-2024-03-0021,P004,2024-03-22,2025-08,2315.23,74.01,142.01,27.62,0.02257,18
P004-2024-03-0021,P004,2024-03-22,2025-09,2182.33,199.24,96.41,30.07,0.0302,19
P004-2024-03-0022,P004,2024-03-04,2025-07,1497.33,114.07,68.0,0.0,0.02608,17
P004-2024-03-0022,P004,2024-03-04,2025-08,1363.61,157.05,45.86,22.53,0.02315,18
P004-2024-03-0022,P004,2024-03-04,2025-09,1400.09,55.68,117.53,25.37,0.02483,19
P004-2024-03-0023,P004,2024-03-27,2025-07,2090.81,190.37,47.57,25.27,0.02268,17
P004-2024-03-0023,P004,2024-03-27,2025-08,2031.49,170.24,130.51,19.6,0.0243,18
P004-2024-03-0023,P004,2024-03-27,2025-09,1966.38,167.99,102.88,0.0,0.02495,19
P004-2024-03-0026,P004,2024-03-12,2025-07,2080.01,142.96,56.25,15.3,0.0212,17
P004-2024-03-0026,P004,2024-03-12,2025-08,1997.9,113.51,31.41,0.0,0.02565,18
P004-2024-03-0026,P004,2024-03-12,2025-09,1938.02,71.67,11.78,0.0,0.01967,19
P004-2024-03-0028,P004,2024-03-01,2025-07,4433.95,580.23,98.55,38.38,0.02315,17
P004-2024-03-0028,P004,2024-03-01,2025-08,4101.25,380.98,146.58,98.31,0.02458,18
P004-2024-03-0028,P004,2024-03-01,2025-09,3867.39,408.27,215.69,41.28,0.01846,19
P004-2024-03-0029,P004,2024-03-09,2025-07,2534.31,81.48,118.61,31.42,0.02914,17
P004-2024-03-0029,P004,2024-03-09,2025-08,2481.16,190.1,136.95,0.0,0.02761,18
P004-2024-03-0029,P004,2024-03-09,2025-09,2354.45,134.11,45.67,38.27,0.02162,19
P004-2024-03-0030,P004,2024-03-26,2025-07,3210.93,255.04,166.93,0.0,0.02715,17
P004-2024-03-0030,P004,2024-03-26,2025-08,3292.54,75.26,185.28,28.41,0.02276,18
P004-2024-03-0030,P004,2024-03-26,2025-09,3340.34,143.15,219.49,28.54,0.0247,19
P004-2024-03-0034,P004,2024-03-05,2025-07,4369.0,252.46,154.78,73.68,0.02774,17
P004-2024-03-0034,P004,2024-03-05,2025-08,4463.37,120.54,301.28,86.36,0.02665,18
P004-2024-03-0034,P004,2024-03-05,2025-09,4310.69,327.36,174.68,0.0,0.02215,19
P004-2024-03-0035,P004,2024-03-17,2025-07,1774.5,89.56,72.05,14.72,0.02481,17
P004-2024-03-0035,P004,2024-03-17,2025-08,1811.53,59.73,98.94,2.18,0.02569,18
P004-2024-03-0035,P004,2024-03-17,2025-09,1775.68,64.38,37.07,8.53,0.02289,19
P004-2024-04-0000,P004,2024-04-23,2025-07,9750.08,668.37,572.78,0.0,0.02441,16
P004-2024-04-0000,P004,2024-04-23,2025-08,9810.16,150.94,291.84,80.82,0.0275,17
P004-2024-04-0000,P004,2024-04-23,2025-09,9365.87,901.84,636.13,178.56,0.02465,18
P004-2024-04-0001,P004,2024-04-04,2025-07,7218.29,431.61,71.03,0.0,0.02478,16
P004-2024-04-0001,P004,2024-04-04,2025-08,6547.15,1006.26,421.22,86.09,0.02526,17
P004-2024-04-0006,P004,2024-04-06,2025-07,1057.11,67.93,17.54,5.72,0.0245,16
P004-2024-04-0006,P004,2024-04-06,2025-08,1036.52,71.67,58.15,7.08,0.02817,17
P004-2024-04-0006,P004,2024-04-06,2025-09,1017.36,96.32,77.16,0.0,0.02683,18
P004-2024-04-0008,P004,2024-04-22,2025-07,3734.25,275.52,89.52,110.46,0.02571,16
P004-2024-04-0009,P004,2024-04-02,2025-07,2147.07,0.0,48.07,27.35,0.02146,16
P004-2024-04-0009,P004,2024-04-02,2025-08,2028.81,141.38,56.17,33.04,0.02235,17
P004-2024-04-0009,P004,2024-04-02,2025-09,1904.41,160.86,66.11,29.65,0.0253,18
P004-2024-04-0010,P004,2024-04-24,2025-07,3271.48,283.67,170.91,41.54,0.02451,16
P004-2024-04-0010,P004,2024-04-24,2025-08,3220.22,49.7,87.99,89.55,0.027,17
P004-2024-04-0010,P004,2024-04-24,2025-09,2963.79,170.32,0.0,86.11,0.02138,18
P004-2024-04-0012,P004,2024-04-23,2025-07,2527.14,246.91,67.72,35.07,0.02443,16
P004-2024-04-0012,P004,2024-04-23,2025-08,2547.53,60.37,99.58,18.82,0.02546,17
P004-2024-04-0012,P004,2024-04-23,2025-09,2395.72,119.52,21.02,53.31,0.02732,18
P004-2024-04-0014,P004,2024-04-26,2025-07,2381.37,60.79,80.33,10.97,0.0242,16
P004-2024-04-0014,P004,2024-04-26,2025-08,2404.02,109.94,133.68,1.09,0.02702,17
P004-2024-04-0014,P004,2024-04-26,2025-09,2249.02,169.05,37.66,23.62,0.02297,18
P004-2024-04-0016,P004,2024-04-19,2025-07,2889.8,239.56,116.99,0.0,0.0285,16
P004-2024-04-0016,P004,2024-04-19,2025-08,2826.73,73.49,44.69,34.28,0.02957,17
P004-2024-04-0016,P004,2024-04-19,2025-09,2759.76,176.51,114.38,4.84,0.02826,18
P004-2024-04-0020,P004,2024-04-20,2025-07,5959.23,562.29,313.67,91.98,0.02334,16
P004-2024-04-0020,P004,2024-04-20,2025-08,5351.54,751.07,242.93,99.55,0.02754,17
P004-2024-04-0020,P004,2024-04-20,2025-09,5155.0,324.81,128.28,0.0,0.02347,18
P004-2024-04-0021,P004,2024-04-27,2025-07,2397.62,117.61,161.62,48.52,0.02859,16
P004-2024-04-0021,P004,2024-04-27,2025-08,2373.99,89.17,88.06,22.52,0.03103,17
P004-2024-04-0021,P004,2024-04-27,2025-09,2334.1,169.39,156.62,27.12,0.02244,18
P004-2024-04-0023,P004,2024-04-26,2025-07,2904.71,201.39,69.55,38.52,0.02297,16
P004-2024-04-0024,P004,2024-04-17,2025-07,3760.5,341.51,135.69,95.65,0.03019,16
P004-2024-04-0024,P004,2024-04-17,2025-08,3669.76,403.89,313.15,0.0,0.02638,17
P004-2024-04-0024,P004,2024-04-17,2025-09,3521.12,281.82,226.09,92.91,0.02938,18
P004-2024-04-0028,P004,2024-04-01,2025-07,4446.76,388.95,255.67,0.0,0.02515,16
P004-2024-04-0028,P004,2024-04-01,2025-08,4244.71,328.72,201.46,74.79,0.0254,17
P004-2024-04-0028,P004,2024-04-01,2025-09,4213.99,167.83,198.25,61.14,0.02591,18
P004-2024-04-0029,P004,2024-04-21,2025-07,2366.27,209.84,102.71,0.0,0.02488,16
P004-2024-04-0029,P004,2024-04-21,2025-08,2262.81,153.57,108.23,58.12,0.02159,17
P004-2024-04-0029,P004,2024-04-21,2025-09,2367.46,0.0,104.66,0.0,0.02184,18
P004-2024-04-0032,P004,2024-04-27,2025-07,5521.84,446.72,247.28,133.69,0.02243,16
P004-2024-04-0032,P004,2024-04-27,2025-08,5651.14,121.3,303.43,52.83,0.02751,17
P004-2024-04-0032,P004,2024-04-27,2025-09,5529.66,450.15,328.67,0.0,0.03285,18
P004-2024-04-0033,P004,2024-04-11,2025-07,6069.2,324.35,373.44,103.83,0.02018,16
P004-2024-04-0033,P004,2024-04-11,2025-08,5224.41,832.91,0.0,11.87,0.02252,17
P004-2024-04-0033,P004,2024-04-11,2025-09,5041.7,275.6,95.45,2.56,0.02099,18
P004-2024-04-0034,P004,2024-04-11,2025-07,3723.5,281.74,90.12,9.86,0.0311,16
P004-2024-04-0034,P004,2024-04-11,2025-08,3532.98,274.07,148.4,64.86,0.02331,17
P004-2024-04-0034,P004,2024-04-11,2025-09,3432.58,200.02,105.18,5.56,0.02049,18
P004-2024-04-0037,P004,2024-04-25,2025-07,9434.86,556.8,278.54,212.78,0.02794,16
P004-2024-04-0037,P004,2024-04-25,2025-08,9117.06,637.1,506.23,186.93,0.03043,17
P004-2024-04-0037,P004,2024-04-25,2025-09,9112.86,591.22,684.9,97.89,0.0251,18
P004-2024-04-0038,P004,2024-04-13,2025-07,2980.22,198.99,80.57,0.0,0.02229,16
P004-2024-04-0038,P004,2024-04-13,2025-08,2746.6,294.26,74.19,13.54,0.03216,17
P004-2024-04-0038,P004,2024-04-13,2025-09,2725.69,189.32,168.41,0.0,0.01772,18
P004-2024-05-0001,P004,2024-05-01,2025-07,2933.28,116.92,99.78,3.13,0.02695,15
P004-2024-05-0007,P004,2024-05-04,2025-07,2339.5,260.1,68.29,0.0,0.02506,15
P004-2024-05-0007,P004,2024-05-04,2025-08,2266.34,87.53,29.29,14.93,0.02715,16
P004-2024-05-0007,P004,2024-05-04,2025-09,2241.26,123.0,110.8,12.88,0.02367,17
P004-2024-05-0008,P004,2024-05-17,2025-07,2714.73,123.05,76.0,25.56,0.01996,15
P004-2024-05-0014,P004,2024-05-20,2025-07,4283.29,325.8,183.94,59.27,0.02627,15
P004-2024-05-0015,P004,2024-05-18,2025-07,7984.92,322.19,119.95,0.0,0.02046,15
P004-2024-05-0015,P004,2024-05-18,2025-08,7762.83,446.84,311.78,87.03,0.026,16
P004-2024-05-0015,P004,2024-05-18,2025-09,7232.46,748.15,330.88,113.11,0.02262,17
P004-2024-05-0016,P004,2024-05-18,2025-07,2245.87,46.75,69.51,50.34,0.02731,15
P004-2024-05-0017,P004,2024-05-09,2025-07,2678.73,120.86,42.58,42.34,0.02605,15
P004-2024-05-0017,P004,2024-05-09,2025-08,2438.89,221.75,69.41,87.5,0.02786,16
P004-2024-05-0017,P004,2024-05-09,2025-09,2305.4,212.74,79.25,0.0,0.02695,17
P004-2024-05-0021,P004,2024-05-15,2025-07,2977.9,32.38,82.3,21.24,0.02428,15
P004-2024-05-0021,P004,2024-05-15,2025-08,2875.67,145.4,95.58,52.41,0.02131,16
P004-2024-05-0021,P004,2024-05-15,2025-09,2838.47,131.23,94.02,0.0,0.02257,17
P004-2024-05-0025,P004,2024-05-06,2025-07,3255.59,134.69,162.54,0.0,0.02323,15
P004-2024-05-0025,P004,2024-05-06,2025-08,3188.93,182.62,139.46,23.49,0.01944,16
P004-2024-05-0025,P004,2024-05-06,2025-09,3031.03,221.39,63.48,0.0,0.02674,17
P004-2024-05-0029,P004,2024-05-08,2025-07,6087.44,244.16,99.28,96.32,0.02114,15
P004-2024-05-0029,P004,2024-05-08,2025-08,6042.7,300.02,411.35,156.08,0.02338,16
P004-2024-05-0029,P004,2024-05-08,2025-09,6526.35,0.0,564.38,80.73,0.02305,17
P004-2024-05-0030,P004,2024-05-13,2025-07,6447.87,93.03,431.51,86.68,0.02849,15
P004-2024-05-0030,P004,2024-05-13,2025-08,5976.45,445.02,51.09,77.49,0.02037,16
P004-2024-05-0030,P004,2024-05-13,2025-09,5418.89,696.03,175.6,37.14,0.0237,17
P004-2024-05-0032,P004,2024-05-18,2025-07,11918.99,176.1,121.85,3.9,0.02305,15
P004-2024-05-0032,P004,2024-05-18,2025-08,11815.82,599.17,523.1,27.1,0.02684,16
P004-2024-05-0032,P004,2024-05-18,2025-09,11500.89,747.79,492.14,59.28,0.02449,17
P004-2024-06-0001,P004,2024-06-04,2025-07,3522.39,177.8,200.57,17.41,0.0276,14
P004-2024-06-0001,P004,2024-06-04,2025-08,3540.59,220.16,291.75,53.39,0.02628,15
P004-2024-06-0001,P004,2024-06-04,2025-09,3305.78,176.24,0.0,58.56,0.02869,16
P004-2024-06-0002,P004,2024-06-23,2025-07,2221.19,180.25,86.05,27.77,0.02947,14
P004-2024-06-0002,P004,2024-06-23,2025-08,2199.77,107.27,102.98,17.12,0.02256,15
P004-2024-06-0002,P004,2024-06-23,2025-09,2257.26,117.83,184.68,9.36,0.02412,16
P004-2024-06-0005,P004,2024-06-20,2025-07,1724.87,57.62,105.87,6.79,0.02428,14
P004-2024-06-0005,P004,2024-06-20,2025-08,1802.94,0.0,96.46,18.38,0.02978,15
P004-2024-06-0005,P004,2024-06-20,2025-09,1728.58,90.98,72.53,55.92,0.01886,16
P004-2024-06-0006,P004,2024-06-10,2025-07,5600.04,213.22,268.01,70.31,0.02615,14
P004-2024-06-0006,P004,2024-06-10,2025-08,5606.93,224.08,267.54,36.57,0.02806,15
P004-2024-06-0009,P004,2024-06-21,2025-07,2151.94,72.71,100.55,0.0,0.02344,14
P004-2024-06-0009,P004,2024-06-21,2025-08,2033.02,146.59,29.58,1.91,0.02266,15
P004-2024-06-0009,P004,2024-06-21,2025-09,2058.42,95.45,136.72,15.87,0.02143,16
P004-2024-06-0010,P004,2024-06-05,2025-07,1270.54,91.56,63.37,0.0,0.02153,14
P004-2024-06-0010,P004,2024-06-05,2025-08,1279.72,27.78,55.28,18.33,0.01974,15
P004-2024-06-0010,P004,2024-06-05,2025-09,1228.08,78.81,31.86,4.69,0.02327,16
P004-2024-06-0012,P004,2024-06-15,2025-07,3159.75,235.8,133.39,67.66,0.02401,14
P004-2024-06-0012,P004,2024-06-15,2025-08,2992.85,263.6,111.69,14.98,0.02362,15
P004-2024-06-0012,P004,2024-06-15,2025-09,2801.71,231.6,88.95,48.49,0.02242,16
P004-2024-06-0013,P004,2024-06-08,2025-07,9430.13,673.99,585.47,82.94,0.02612,14
P004-2024-06-0013,P004,2024-06-08,2025-08,8547.88,796.82,189.35,274.79,0.02265,15
P004-2024-06-0013,P004,2024-06-08,2025-09,8237.95,372.52,86.4,23.8,0.0202,16
P004-2024-06-0014,P004,2024-06-22,2025-07,1796.46,169.14,61.48,43.9,0.02239,14
P004-2024-06-0014,P004,2024-06-22,2025-08,1783.78,30.29,38.01,20.39,0.02353,15
P004-2024-06-0014,P004,2024-06-22,2025-09,1731.9,119.18,75.59,8.29,0.02745,16
P004-2024-06-0015,P004,2024-06-23,2025-07,3937.66,253.18,141.54,78.57,0.02263,14
P004-2024-06-0015,P004,2024-06-23,2025-08,3921.12,241.29,224.76,0.0,0.02616,15
P004-2024-06-0015,P004,2024-06-23,2025-09,3720.7,226.28,59.04,33.18,0.0214,16
P004-2024-06-0016,P004,2024-06-11,2025-07,7168.23,157.38,247.64,0.0,0.02785,14
P004-2024-06-0016,P004,2024-06-11,2025-08,7072.9,350.18,360.58,105.74,0.02214,15
P004-2024-06-0016,P004,2024-06-11,2025-09,6808.78,430.04,207.8,41.89,0.02611,16
P004-2024-06-0017,P004,2024-06-11,2025-07,1515.85,110.88,35.51,0.32,0.02161,14
P004-2024-06-0017,P004,2024-06-11,2025-08,1531.1,113.11,129.42,1.05,0.02671,15
P004-2024-06-0017,P004,2024-06-11,2025-09,1476.17,114.87,62.3,2.37,0.02529,16
P004-2024-06-0019,P004,2024-06-03,2025-07,3562.84,126.53,216.41,74.5,0.02512,14
P004-2024-06-0019,P004,2024-06-03,2025-08,3534.87,210.66,198.17,15.48,0.02895,15
P004-2024-06-0019,P004,2024-06-03,2025-09,3189.86,342.6,34.21,36.62,0.02659,16
P004-2024-06-0020,P004,2024-06-22,2025-07,3215.21,57.78,69.89,0.0,0.02455,14
P004-2024-06-0020,P004,2024-06-22,2025-08,3035.7,230.84,51.33,0.0,0.02337,15
P004-2024-06-0020,P004,2024-06-22,2025-09,2868.29,308.85,153.15,11.71,0.02339,16
P004-2024-06-0021,P004,2024-06-18,2025-07,5133.6,285.42,307.32,34.05,0.02323,14
P004-2024-06-0021,P004,2024-06-18,2025-08,4870.01,327.47,63.88,0.0,0.02512,15
P004-2024-06-0021,P004,2024-06-18,2025-09,4399.0,556.66,122.97,37.32,0.0201,16
P004-2024-06-0025,P004,2024-06-06,2025-07,7389.33,219.04,182.83,72.93,0.02422,14
P004-2024-06-0025,P004,2024-06-06,2025-08,6933.16,696.29,324.84,84.73,0.02156,15
P004-2024-06-0025,P004,2024-06-06,2025-09,6522.81,637.17,389.09,162.28,0.02257,16
P004-2024-06-0026,P004,2024-06-19,2025-07,12970.42,503.88,749.22,236.17,0.02825,14
P004-2024-06-0026,P004,2024-06-19,2025-08,12655.94,427.69,354.08,240.88,0.02211,15
P004-2024-06-0026,P004,2024-06-19,2025-09,12511.44,710.64,779.16,213.02,0.02822,16
P004-2024-06-0027,P004,2024-06-03,2025-07,5204.84,625.17,333.81,55.5,0.02613,14
P004-2024-06-0027,P004,2024-06-03,2025-08,5065.14,348.46,271.6,62.83,0.02508,15
P004-2024-06-0027,P004,2024-06-03,2025-09,4687.88,451.54,185.97,111.69,0.02406,16
P004-2024-06-0028,P004,2024-06-15,2025-07,3321.69,477.97,168.17,17.14,0.02982,14
P004-2024-06-0028,P004,2024-06-15,2025-08,3121.71,139.37,19.88,80.5,0.02775,15
P004-2024-06-0028,P004,2024-06-15,2025-09,3074.95,9.39,21.26,58.62,0.02263,16
P004-2024-06-0029,P004,2024-06-01,2025-07,6671.62,445.5,75.11,67.14,0.02375,14
P004-2024-06-0029,P004,2024-06-01,2025-08,6517.84,143.99,158.77,168.56,0.02295,15
P004-2024-06-0029,P004,2024-06-01,2025-09,6285.37,609.97,377.51,0.0,0.02963,16
P004-2024-06-0030,P004,2024-06-07,2025-07,2622.13,212.75,0.0,0.63,0.02806,14
P004-2024-06-0030,P004,2024-06-07,2025-08,2506.36,154.0,80.13,41.9,0.02352,15
P004-2024-06-0030,P004,2024-06-07,2025-09,2475.31,165.81,161.68,26.92,0.02563,16
P004-2024-06-0034,P004,2024-06-05,2025-07,4479.96,221.05,138.98,104.33,0.03588,14
P004-2024-06-0034,P004,2024-06-05,2025-08,4064.44,491.46,209.88,133.94,0.02293,15
P004-2024-06-0034,P004,2024-06-05,2025-09,3905.66,211.44,160.15,107.5,0.0224,16
P005-2023-06-0003,P005,2023-06-18,2025-07,1912.5,133.81,56.46,43.43,0.02138,26
P005-2023-06-0003,P005,2023-06-18,2025-08,1866.28,102.48,60.4,4.15,0.02362,27
P005-2023-06-0003,P005,2023-06-18,2025-09,1817.05,102.99,80.02,26.25,0.02261,28
P005-2023-06-0004,P005,2023-06-07,2025-07,1334.99,85.07,4.04,14.08,0.02439,26
P005-2023-06-0004,P005,2023-06-07,2025-08,1271.57,76.04,47.2,34.58,0.02011,27
P005-2023-06-0004,P005,2023-06-07,2025-09,1287.61,64.24,80.28,0.0,0.02121,28
P005-2023-06-0007,P005,2023-06-20,2025-07,1639.01,160.93,66.41,10.25,0.02027,26
P005-2023-06-0007,P005,2023-06-20,2025-08,1560.15,151.98,84.79,11.68,0.02089,27
P005-2023-06-0007,P005,2023-06-20,2025-09,1552.47,65.09,57.41,0.0,0.02566,28
P005-2023-06-0010,P005,2023-06-10,2025-07,1031.03,78.89,26.27,23.0,0.0189,26
P005-2023-06-0010,P005,2023-06-10,2025-08,1044.36,46.11,59.43,0.0,0.01663,27
P005-2023-06-0010,P005,2023-06-10,2025-09,1025.13,69.87,62.43,11.78,0.02026,28
P005-2023-06-0017,P005,2023-06-01,2025-07,2249.61,77.18,118.4,39.72,0.0155,26
P005-2023-06-0020,P005,2023-06-13,2025-07,1824.51,22.35,0.0,29.67,0.02385,26
P005-2023-06-0020,P005,2023-06-13,2025-08,1717.71,154.4,67.19,19.58,0.01786,27
P005-2023-06-0020,P005,2023-06-13,2025-09,1696.35,88.19,71.86,5.03,0.02335,28
P005-2023-06-0023,P005,2023-06-13,2025-07,1692.24,142.45,105.1,12.85,0.02168,26
P005-2023-06-0023,P005,2023-06-13,2025-08,1636.12,106.31,50.19,0.0,0.01837,27
P005-2023-06-0023,P005,2023-06-13,2025-09,1633.4,80.23,93.62,16.1,0.02496,28
P005-2023-06-0029,P005,2023-06-03,2025-07,2779.0,156.03,86.98,0.0,0.02537,26
P005-2023-06-0029,P005,2023-06-03,2025-08,2603.94,288.46,154.9,41.51,0.02558,27
P005-2023-06-0029,P005,2023-06-03,2025-09,2520.24,162.53,102.92,24.08,0.01897,28
P005-2023-07-0003,P005,2023-07-18,2025-07,4186.4,131.71,63.24,19.85,0.02418,25
P005-2023-07-0003,P005,2023-07-18,2025-08,4001.02,301.54,181.49,65.33,0.01744,26
P005-2023-07-0003,P005,2023-07-18,2025-09,3803.3,272.05,145.22,70.89,0.0254,27
P005-2023-07-0008,P005,2023-07-17,2025-07,1431.15,60.97,37.59,25.08,0.01896,25
P005-2023-07-0008,P005,2023-07-17,2025-08,1480.04,9.72,65.9,7.29,0.02078,26
P005-2023-07-0008,P005,2023-07-17,2025-09,1377.64,123.99,22.18,0.58,0.02089,27
P005-2023-07-0013,P005,2023-07-05,2025-07,2146.63,83.93,139.37,59.16,0.02463,25
P005-2023-07-0013,P005,2023-07-05,2025-08,2114.37,50.87,73.32,54.71,0.02174,26
P005-2023-07-0013,P005,2023-07-05,2025-09,2166.18,59.1,123.22,12.32,0.01865,27
P005-2023-07-0017,P005,2023-07-16,2025-07,2943.76,177.39,98.61,17.64,0.02261,25
P005-2023-07-0017,P005,2023-07-16,2025-08,2748.82,295.24,141.92,41.62,0.01845,26
P005-2023-07-0017,P005,2023-07-16,2025-09,2763.28,112.08,151.29,24.75,0.01922,27
P005-2023-07-0022,P005,2023-07-21,2025-07,2288.84,133.5,96.42,13.46,0.0224,25
P005-2023-07-0022,P005,2023-07-21,2025-08,2324.29,117.16,167.8,15.19,0.02053,26
P005-2023-07-0022,P005,2023-07-21,2025-09,2298.69,79.16,79.7,26.14,0.02052,27
P005-2023-07-0023,P005,2023-07-06,2025-07,1302.1,85.93,50.04,25.2,0.02003,25
P005-2023-07-0023,P005,2023-07-06,2025-08,1253.78,73.08,32.99,8.23,0.02515,26
P005-2023-07-0023,P005,2023-07-06,2025-09,1219.38,111.15,90.04,13.3,0.02291,27
P005-2023-07-0025,P005,2023-07-09,2025-07,706.96,63.57,23.57,13.61,0.02512,25
P005-2023-07-0025,P005,2023-07-09,2025-08,704.24,30.45,31.74,4.01,0.02155,26
P005-2023-07-0025,P005,2023-07-09,2025-09,679.78,38.41,13.95,0.0,0.02138,27
P005-2023-07-0033,P005,2023-07-14,2025-07,1904.57,104.59,34.86,25.39,0.01603,25
P005-2023-07-0033,P005,2023-07-14,2025-08,1748.65,155.92,0.0,0.0,0.02163,26
P005-2023-07-0033,P005,2023-07-14,2025-09,1685.62,74.33,44.24,32.95,0.02524,27
P005-2023-07-0035,P005,2023-07-27,2025-07,2509.94,203.82,236.79,63.55,0.01826,25
P005-2023-07-0035,P005,2023-07-27,2025-08,2371.66,169.16,104.16,73.29,0.0217,26
P005-2023-07-0035,P005,2023-07-27,2025-09,2481.58,50.83,185.71,24.96,0.01947,27
P005-2023-08-0001,P005,2023-08-07,2025-07,560.42,26.56,11.1,3.5,0.02038,24
P005-2023-08-0001,P005,2023-08-07,2025-08,590.74,8.88,46.6,7.41,0.0209,25
P005-2023-08-0001,P005,2023-08-07,2025-09,570.53,43.88,23.68,0.0,0.02314,26
P005-2023-08-0004,P005,2023-08-23,2025-07,3800.77,133.9,232.36,22.3,0.02098,24
P005-2023-08-0004,P005,2023-08-23,2025-08,3571.54,255.39,50.84,24.67,0.02193,25
P005-2023-08-0004,P005,2023-08-23,2025-09,3212.79,435.56,120.77,43.96,0.02165,26
P005-2023-08-0011,P005,2023-08-20,2025-07,2905.77,148.16,183.01,0.0,0.02256,24
P005-2023-08-0011,P005,2023-08-20,2025-08,2918.45,161.39,215.33,41.26,0.01677,25
P005-2023-08-0011,P005,2023-08-20,2025-09,2942.76,128.17,176.61,24.14,0.02081,26
P005-2023-08-0015,P005,2023-08-05,2025-07,2452.39,142.16,29.76,16.86,0.01992,24
P005-2023-08-0015,P005,2023-08-05,2025-08,2277.03,219.11,144.98,101.23,0.02306,25
P005-2023-08-0028,P005,2023-08-21,2025-07,3217.74,281.8,161.51,19.4,0.02218,24
P005-2023-08-0028,P005,2023-08-21,2025-08,2973.43,350.14,137.76,31.93,0.01606,25
P005-2023-08-0028,P005,2023-08-21,2025-09,2992.44,42.67,110.77,49.08,0.02513,26
P005-2023-08-0029,P005,2023-08-13,2025-07,3319.99,105.11,196.9,108.99,0.02285,24
P005-2023-08-0029,P005,2023-08-13,2025-08,3215.72,233.1,164.2,35.37,0.02191,25
P005-2023-08-0029,P005,2023-08-13,2025-09,3214.18,160.1,209.51,50.95,0.01996,26
P005-2023-09-0000,P005,2023-09-04,2025-07,2476.64,168.72,193.0,0.0,0.02325,23
P005-2023-09-0000,P005,2023-09-04,2025-08,2461.4,42.48,79.89,52.65,0.02247,24
P005-2023-09-0000,P005,2023-09-04,2025-09,2545.81,40.18,145.57,20.98,0.02361,25
P005-2023-09-0003,P005,2023-09-20,2025-07,5514.16,5.58,224.69,19.61,0.02357,23
P005-2023-09-0003,P005,2023-09-20,2025-08,5516.47,182.7,185.01,0.0,0.01714,24
P005-2023-09-0003,P005,2023-09-20,2025-09,5047.26,490.72,161.62,140.11,0.02323,25
P005-2023-09-0006,P005,2023-09-19,2025-07,3866.07,466.57,154.49,0.0,0.02432,23
P005-2023-09-0006,P005,2023-09-19,2025-08,3647.23,363.7,145.44,0.58,0.0249,24
P005-2023-09-0006,P005,2023-09-19,2025-09,3460.68,300.2,139.19,25.54,0.01996,25
P005-2023-09-0015,P005,2023-09-12,2025-07,3963.8,68.53,9.95,63.39,0.02231,23
P005-2023-09-0015,P005,2023-09-12,2025-08,4244.94,0.0,281.14,0.0,0.02278,24
P005-2023-09-0015,P005,2023-09-12,2025-09,4120.44,258.14,217.91,84.27,0.02527,25
P005-2023-09-0023,P005,2023-09-11,2025-07,2791.44,129.98,99.31,26.5,0.0207,23
P005-2023-09-0024,P005,2023-09-24,2025-07,2492.71,256.33,126.91,19.04,0.01841,23
P005-2023-09-0024,P005,2023-09-24,2025-08,2600.86,4.42,117.37,4.79,0.02072,24
P005-2023-09-0024,P005,2023-09-24,2025-09,2380.05,213.23,50.83,58.42,0.02131,25
P005-2023-09-0027,P005,2023-09-12,2025-07,1446.06,86.62,56.58,19.36,0.02593,23
P005-2023-09-0027,P005,2023-09-12,2025-08,1407.65,61.4,41.95,18.96,0.02122,24
P005-2023-09-0027,P005,2023-09-12,2025-09,1357.84,92.58,43.16,0.39,0.01852,25
P005-2023-09-0029,P005,2023-09-13,2025-07,659.81,45.6,26.15,12.03,0.01957,23
P005-2023-09-0029,P005,2023-09-13,2025-08,625.57,28.37,15.0,20.87,0.02062,24
P005-2023-09-0029,P005,2023-09-13,2025-09,609.76,29.05,28.73,15.48,0.02668,25
P005-2023-09-0035,P005,2023-09-21,2025-07,2788.16,189.2,155.79,5.76,0.02561,23
P005-2023-09-0035,P005,2023-09-21,2025-08,2599.53,279.01,90.38,0.0,0.01987,24
P005-2023-09-0036,P005,2023-09-10,2025-07,1555.4,104.41,90.59,0.0,0.01988,23
P005-2023-09-0036,P005,2023-09-10,2025-08,1489.29,143.95,94.2,16.35,0.02563,24
P005-2023-09-0036,P005,2023-09-10,2025-09,1517.94,78.6,114.32,7.07,0.02496,25
P005-2023-10-0001,P005,2023-10-23,2025-07,3408.07,30.4,65.86,41.44,0.01986,22
P005-2023-10-0001,P005,2023-10-23,2025-08,3391.05,134.15,169.17,52.05,0.0196,23
P005-2023-10-0001,P005,2023-10-23,2025-09,3425.1,140.08,253.56,79.42,0.02676,24
P005-2023-10-0004,P005,2023-10-16,2025-07,6688.52,394.13,350.34,0.0,0.02279,22
P005-2023-10-0004,P005,2023-10-16,2025-08,6001.12,809.33,201.55,79.62,0.02199,23
P005-2023-10-0006,P005,2023-10-20,2025-07,1355.48,26.16,45.26,0.0,0.02315,22
P005-2023-10-0006,P005,2023-10-20,2025-08,1276.22,72.52,13.25,19.99,0.02244,23
P005-2023-10-0006,P005,2023-10-20,2025-09,1250.41,100.37,74.56,0.0,0.02331,24
P005-2023-10-0007,P005,2023-10-13,2025-07,4906.1,251.93,212.63,45.66,0.01915,22
P005-2023-10-0007,P005,2023-10-13,2025-08,4640.55,445.18,295.41,115.78,0.02632,23
P005-2023-10-0007,P005,2023-10-13,2025-09,4624.5,148.48,235.33,102.9,0.02134,24
P005-2023-10-0008,P005,2023-10-22,2025-07,2176.06,136.55,120.81,24.58,0.0227,22
P005-2023-10-0008,P005,2023-10-22,2025-08,2106.07,129.27,59.28,0.0,0.02108,23
P005-2023-10-0008,P005,2023-10-22,2025-09,2027.25,138.72,59.89,0.0,0.01748,24
P005-2023-10-0010,P005,2023-10-23,2025-07,888.25,80.21,37.97,24.04,0.02328,22
P005-2023-10-0010,P005,2023-10-23,2025-08,836.42,100.12,49.9,1.6,0.02446,23
P005-2023-10-0010,P005,2023-10-23,2025-09,838.04,32.79,34.4,0.0,0.02035,24
P005-2023-10-0019,P005,2023-10-15,2025-07,1312.49,202.05,115.18,2.17,0.01882,22
P005-2023-10-0019,P005,2023-10-15,2025-08,1297.98,101.14,86.64,0.0,0.02438,23
P005-2023-10-0019,P005,2023-10-15,2025-09,1255.36,80.95,38.33,0.0,0.02243,24
P005-2023-10-0024,P005,2023-10-12,2025-07,1206.49,56.89,33.93,30.82,0.01909,22
P005-2023-10-0028,P005,2023-10-21,2025-07,1272.9,121.91,74.47,0.0,0.02529,22
P005-2023-10-0029,P005,2023-10-22,2025-07,2645.88,158.26,167.58,15.86,0.02089,22
P005-2023-10-0029,P005,2023-10-22,2025-08,2490.43,220.11,108.26,43.6,0.02403,23
P005-2023-10-0029,P005,2023-10-22,2025-09,2379.67,125.43,58.0,43.33,0.02193,24
P005-2023-10-0031,P005,2023-10-09,2025-07,8755.68,581.53,211.06,0.0,0.0218,22
P005-2023-10-0031,P005,2023-10-09,2025-08,8974.75,121.31,431.7,91.32,0.02339,23
P005-2023-10-0031,P005,2023-10-09,2025-09,8818.48,554.13,397.86,0.0,0.01956,24
P005-2023-10-0032,P005,2023-10-11,2025-07,6125.54,687.73,327.11,0.0,0.01847,22
P005-2023-10-0032,P005,2023-10-11,2025-08,5652.46,605.99,258.11,125.2,0.01962,23
P005-2023-10-0032,P005,2023-10-11,2025-09,5036.83,615.62,0.0,0.0,0.01765,24
P005-2023-10-0034,P005,2023-10-20,2025-07,1969.43,136.19,57.87,0.0,0.02307,22
P005-2023-10-0034,P005,2023-10-20,2025-08,1842.4,165.14,50.16,12.04,0.0203,23
P005-2023-10-0034,P005,2023-10-20,2025-09,1745.45,136.13,77.01,37.84,0.01972,24
P005-2023-10-0043,P005,2023-10-14,2025-07,1662.59,114.47,60.75,29.86,0.023,22
P005-2023-10-0043,P005,2023-10-14,2025-08,1666.8,58.36,72.87,10.3,0.02508,23
P005-2023-10-0043,P005,2023-10-14,2025-09,1646.83,66.99,72.52,25.5,0.02568,24
P005-2023-11-0000,P005,2023-11-13,2025-07,2539.32,142.76,60.77,39.58,0.02109,21
P005-2023-11-0000,P005,2023-11-13,2025-08,2516.88,151.07,149.88,21.24,0.02382,22
P005-2023-11-0000,P005,2023-11-13,2025-09,2590.12,105.63,185.99,7.12,0.01972,23
P005-2023-11-0006,P005,2023-11-11,2025-07,1958.25,63.81,81.9,40.52,0.02564,21
P005-2023-11-0006,P005,2023-11-11,2025-08,1807.11,163.52,30.14,17.76,0.02348,22
P005-2023-11-0006,P005,2023-11-11,2025-09,1739.94,79.45,12.28,0.0,0.01994,23
P005-2023-11-0008,P005,2023-11-10,2025-07,5444.59,421.81,330.48,107.62,0.02656,21
P005-2023-11-0008,P005,2023-11-10,2025-08,5143.98,372.33,209.8,138.08,0.02498,22
P005-2023-11-0008,P005,2023-11-10,2025-09,5020.01,330.23,212.67,6.4,0.02442,23
P005-2023-11-0012,P005,2023-11-13,2025-07,3798.45,323.52,143.79,0.0,0.0219,21
P005-2023-11-0012,P005,2023-11-13,2025-08,3748.09,154.32,135.13,31.17,0.02718,22
P005-2023-11-0012,P005,2023-11-13,2025-09,3688.53,248.0,188.44,0.0,0.02102,23
P005-2023-11-0015,P005,2023-11-16,2025-07,3472.45,198.61,130.27,0.0,0.02028,21
P005-2023-11-0015,P005,2023-11-16,2025-08,3432.67,208.69,193.34,24.43,0.02309,22
P005-2023-11-0015,P005,2023-11-16,2025-09,3332.28,252.33,185.73,33.78,0.02214,23
P005-2023-11-0021,P005,2023-11-05,2025-07,1092.72,37.05,31.13,21.68,0.02067,21
P005-2023-11-0021,P005,2023-11-05,2025-08,997.16,93.52,0.0,2.04,0.02244,22
P005-2023-11-0021,P005,2023-11-05,2025-09,961.71,74.48,44.95,5.93,0.01872,23
P005-2023-11-0023,P005,2023-11-10,2025-07,1205.56,97.22,53.78,21.06,0.02249,21
P005-2023-11-0023,P005,2023-11-10,2025-08,1142.64,88.39,58.1,32.63,0.02359,22
P005-2023-11-0023,P005,2023-11-10,2025-09,1112.51,88.88,71.14,12.38,0.02596,23
P005-2023-11-0024,P005,2023-11-02,2025-07,1653.69,114.74,80.32,6.09,0.0211,21
P005-2023-11-0024,P005,2023-11-02,2025-08,1533.06,160.14,55.49,15.99,0.01855,22
P005-2023-11-0024,P005,2023-11-02,2025-09,1510.99,25.13,27.17,24.1,0.01886,23
P005-2023-11-0027,P005,2023-11-05,2025-07,1521.79,128.21,21.86,19.38,0.02581,21
P005-2023-11-0027,P005,2023-11-05,2025-08,1421.71,132.05,36.23,4.26,0.02164,22
P005-2023-11-0027,P005,2023-11-05,2025-09,1374.31,41.37,29.22,35.25,0.02045,23
P005-2023-11-0035,P005,2023-11-25,2025-07,1612.26,98.89,60.26,0.0,0.02223,21
P005-2023-11-0035,P005,2023-11-25,2025-08,1549.36,127.81,99.73,34.82,0.02259,22
P005-2023-11-0035,P005,2023-11-25,2025-09,1537.79,78.52,89.57,22.63,0.01788,23
P005-2023-12-0001,P005,2023-12-03,2025-07,2469.36,286.4,173.27,0.0,0.02286,20
P005-2023-12-0001,P005,2023-12-03,2025-08,2572.84,27.98,131.47,0.0,0.01855,21
P005-2023-12-0001,P005,2023-12-03,2025-09,2498.43,71.72,0.0,2.69,0.02467,22
P005-2023-12-0003,P005,2023-12-15,2025-07,2502.26,184.2,129.42,33.33,0.02461,20
P005-2023-12-0003,P005,2023-12-15,2025-08,2454.64,84.04,78.99,42.58,0.02317,21
P005-2023-12-0003,P005,2023-12-15,2025-09,2394.58,84.06,62.63,38.63,0.02186,22
P005-2023-12-0005,P005,2023-12-01,2025-07,858.91,50.04,34.5,12.51,0.02487,20
P005-2023-12-0005,P005,2023-12-01,2025-08,864.47,28.57,46.21,12.09,0.0216,21
P005-2023-12-0005,P005,2023-12-01,2025-09,788.62,78.31,9.7,7.23,0.02261,22
P005-2023-12-0006,P005,2023-12-07,2025-07,4430.16,472.25,147.2,45.01,0.02599,20
P005-2023-12-0006,P005,2023-12-07,2025-08,4319.38,198.92,156.71,68.57,0.02175,21
P005-2023-12-0006,P005,2023-12-07,2025-09,4377.88,124.27,259.35,76.58,0.02262,22
P005-2023-12-0008,P005,2023-12-09,2025-07,2445.18,202.1,50.48,15.31,0.01778,20
P005-2023-12-0008,P005,2023-12-09,2025-08,2318.4,104.55,48.24,70.48,0.01858,21
P005-2023-12-0008,P005,2023-12-09,2025-09,2206.52,268.56,156.69,0.0,0.01897,22
P005-2023-12-0009,P005,2023-12-05,2025-07,1319.29,58.07,47.66,48.45,0.02529,20
P005-2023-12-0009,P005,2023-12-05,2025-08,1274.34,146.03,112.07,10.99,0.02598,21
P005-2023-12-0009,P005,2023-12-05,2025-09,1272.85,33.52,47.98,15.95,0.01984,22
P005-2023-12-0010,P005,2023-12-06,2025-07,1264.5,146.6,61.65,20.32,0.0243,20
P005-2023-12-0010,P005,2023-12-06,2025-08,1230.61,75.42,41.53,0.0,0.02343,21
P005-2023-12-0010,P005,2023-12-06,2025-09,1318.33,8.45,96.17,0.0,0.0222,22
P005-2023-12-0013,P005,2023-12-07,2025-07,481.57,29.98,35.89,6.41,0.02233,20
P005-2023-12-0013,P005,2023-12-07,2025-08,456.15,40.79,21.88,6.51,0.02522,21
P005-2023-12-0013,P005,2023-12-07,2025-09,433.78,26.89,7.26,2.74,0.02123,22
P005-2023-12-0017,P005,2023-12-02,2025-07,2454.63,255.04,0.0,0.0,0.01654,20
P005-2023-12-0017,P005,2023-12-02,2025-08,2225.57,323.89,118.28,23.45,0.01866,21
P005-2023-12-0017,P005,2023-12-02,2025-09,2049.78,184.91,40.67,31.54,0.0261,22
P005-2023-12-0020,P005,2023-12-12,2025-07,4827.2,179.77,301.88,126.56,0.01982,20
P005-2023-12-0020,P005,2023-12-12,2025-08,4654.93,370.06,254.84,57.05,0.02282,21
P005-2023-12-0020,P005,2023-12-12,2025-09,4558.25,113.59,81.43,64.53,0.03016,22
P005-2023-12-0023,P005,2023-12-25,2025-07,3449.96,144.19,174.67,62.35,0.02222,20
P005-2023-12-0023,P005,2023-12-25,2025-08,3441.44,77.62,127.68,58.58,0.02145,21
P005-2023-12-0023,P005,2023-12-25,2025-09,3424.89,120.33,129.22,25.44,0.02298,22
P005-2023-12-0028,P005,2023-12-01,2025-07,1702.59,32.0,37.85,33.91,0.01734,20
P005-2023-12-0028,P005,2023-12-01,2025-08,1558.87,153.93,55.64,45.43,0.02276,21
P005-2023-12-0028,P005,2023-12-01,2025-09,1553.28,59.39,57.49,3.7,0.02372,22
P005-2023-12-0030,P005,2023-12-20,2025-07,3281.71,0.0,202.01,23.15,0.02225,20
P005-2023-12-0030,P005,2023-12-20,2025-08,3110.89,323.73,202.68,49.77,0.01774,21
P005-2023-12-0030,P005,2023-12-20,2025-09,2887.11,261.5,132.17,94.44,0.01918,22
P005-2023-12-0031,P005,2023-12-14,2025-07,3010.73,303.03,185.08,0.0,0.02514,20
P005-2023-12-0031,P005,2023-12-14,2025-08,2865.82,257.86,154.02,41.07,0.02028,21
P005-2023-12-0031,P005,2023-12-14,2025-09,2628.16,277.84,91.37,51.19,0.02319,22
P005-2024-01-0002,P005,2024-01-16,2025-07,2993.12,4.1,116.8,77.58,0.02266,19
P005-2024-01-0002,P005,2024-01-16,2025-08,3051.78,55.29,133.87,19.91,0.02152,20
P005-2024-01-0002,P005,2024-01-16,2025-09,2766.52,252.21,31.1,64.15,0.02781,21
P005-2024-01-0005,P005,2024-01-17,2025-07,3958.33,176.85,3.6,7.11,0.02072,19
P005-2024-01-0005,P005,2024-01-17,2025-08,3615.83,387.23,87.07,42.35,0.02319,20
P005-2024-01-0005,P005,2024-01-17,2025-09,3549.68,307.39,241.25,0.0,0.02031,21
P005-2024-01-0006,P005,2024-01-27,2025-07,2730.25,201.4,65.49,63.94,0.02149,19
P005-2024-01-0006,P005,2024-01-27,2025-08,2728.92,122.41,121.08,0.0,0.02068,20
P005-2024-01-0007,P005,2024-01-02,2025-07,2761.72,163.88,0.0,5.29,0.02097,19
P005-2024-01-0007,P005,2024-01-02,2025-08,2819.42,27.94,140.78,55.13,0.02358,20
P005-2024-01-0007,P005,2024-01-02,2025-09,2527.04,253.95,0.0,38.43,0.01557,21
P005-2024-01-0011,P005,2024-01-03,2025-07,3721.89,250.72,183.26,127.07,0.02109,19
P005-2024-01-0011,P005,2024-01-03,2025-08,3557.61,212.43,185.65,137.49,0.02701,20
P005-2024-01-0011,P005,2024-01-03,2025-09,3311.54,350.39,158.99,54.69,0.01844,21
P005-2024-01-0013,P005,2024-01-26,2025-07,3123.93,252.3,158.88,12.81,0.01959,19
P005-2024-01-0015,P005,2024-01-26,2025-07,3675.47,337.66,229.64,96.51,0.02295,19
P005-2024-01-0015,P005,2024-01-26,2025-08,3499.33,309.64,201.26,67.76,0.02135,20
P005-2024-01-0015,P005,2024-01-26,2025-09,3401.53,302.29,204.49,0.0,0.02863,21
P005-2024-01-0018,P005,2024-01-08,2025-07,979.36,141.3,57.75,7.24,0.02247,19
P005-2024-01-0018,P005,2024-01-08,2025-08,952.52,82.01,76.45,21.27,0.02508,20
P005-2024-01-0018,P005,2024-01-08,2025-09,959.46,16.78,32.87,9.15,0.02341,21
P005-2024-01-0019,P005,2024-01-23,2025-07,1025.72,151.07,67.58,15.82,0.02491,19
P005-2024-01-0025,P005,2024-01-01,2025-07,1199.56,82.58,45.85,8.59,0.0265,19
P005-2024-01-0025,P005,2024-01-01,2025-08,1081.33,136.16,19.99,2.05,0.01963,20
P005-2024-01-0025,P005,2024-01-01,2025-09,1066.44,100.43,98.05,12.51,0.0208,21
P005-2024-01-0029,P005,2024-01-14,2025-07,1832.28,90.05,68.38,18.22,0.02526,19
P005-2024-01-0029,P005,2024-01-14,2025-08,1748.47,151.36,105.6,38.05,0.01887,20
P005-2024-01-0029,P005,2024-01-14,2025-09,1630.13,172.66,97.89,43.57,0.02191,21
P005-2024-01-0030,P005,2024-01-25,2025-07,2538.85,95.46,39.69,52.33,0.02137,19
P005-2024-01-0030,P005,2024-01-25,2025-08,2379.52,132.13,45.59,72.79,0.02236,20
P005-2024-01-0037,P005,2024-01-09,2025-07,779.2,46.07,12.81,5.64,0.02502,19
P005-2024-01-0037,P005,2024-01-09,2025-08,773.01,40.47,43.63,9.35,0.02223,20
P005-2024-01-0037,P005,2024-01-09,2025-09,694.26,82.26,14.95,11.43,0.02298,21
P005-2024-01-0040,P005,2024-01-22,2025-07,2639.52,91.72,111.44,51.99,0.02196,19
P005-2024-01-0040,P005,2024-01-22,2025-08,2535.65,145.62,115.28,73.53,0.01822,20
P005-2024-01-0040,P005,2024-01-22,2025-09,2223.93,300.38,55.89,67.23,0.02029,21
P005-2024-01-0042,P005,2024-01-14,2025-07,3755.5,222.56,267.37,36.91,0.02194,19
P005-2024-01-0042,P005,2024-01-14,2025-08,3729.2,158.67,132.38,0.0,0.01632,20
P005-2024-01-0042,P005,2024-01-14,2025-09,3513.09,149.29,0.0,66.82,0.0214,21
P005-2024-02-0002,P005,2024-02-23,2025-07,3858.08,90.06,92.66,7.99,0.01987,18
P005-2024-02-0002,P005,2024-02-23,2025-08,3520.64,296.87,68.73,109.3,0.02731,19
P005-2024-02-0002,P005,2024-02-23,2025-09,3335.35,239.89,80.39,25.79,0.0249,20
P005-2024-02-0010,P005,2024-02-07,2025-07,2034.16,185.04,0.0,43.42,0.02392,18
P005-2024-02-0010,P005,2024-02-07,2025-08,1893.81,185.16,78.75,33.95,0.02031,19
P005-2024-02-0010,P005,2024-02-07,2025-09,1890.96,82.12,97.45,18.18,0.02395,20
P005-2024-02-0011,P005,2024-02-10,2025-07,2818.45,250.5,139.13,50.15,0.02148,18
P005-2024-02-0011,P005,2024-02-10,2025-08,2768.82,126.46,76.83,0.0,0.02304,19
P005-2024-02-0011,P005,2024-02-10,2025-09,2543.33,356.39,130.9,0.0,0.02225,20
P005-2024-02-0012,P005,2024-02-03,2025-07,6679.96,512.84,270.73,0.0,0.01853,18
P005-2024-02-0013,P005,2024-02-20,2025-07,2533.08,188.27,99.97,28.13,0.02069,18
P005-2024-02-0013,P005,2024-02-20,2025-08,2421.19,253.0,151.23,10.12,0.01805,19
P005-2024-02-0013,P005,2024-02-20,2025-09,2300.11,157.87,88.56,51.77,0.02338,20
P005-2024-02-0014,P005,2024-02-13,2025-07,1077.82,133.99,50.93,13.52,0.02568,18
P005-2024-02-0014,P005,2024-02-13,2025-08,995.77,96.09,28.39,14.36,0.02192,19
P005-2024-02-0014,P005,2024-02-13,2025-09,953.09,82.16,44.11,4.63,0.02579,20
P005-2024-02-0015,P005,2024-02-22,2025-07,1814.82,13.53,61.64,0.0,0.01949,18
P005-2024-02-0015,P005,2024-02-22,2025-08,1768.3,89.24,50.1,7.39,0.02418,19
P005-2024-02-0017,P005,2024-02-15,2025-07,1622.62,48.1,44.91,17.93,0.02036,18
P005-2024-02-0017,P005,2024-02-15,2025-08,1556.41,138.22,92.83,20.82,0.02623,19
P005-2024-02-0021,P005,2024-02-19,2025-07,894.4,42.9,27.11,23.71,0.02098,18
P005-2024-02-0021,P005,2024-02-19,2025-08,879.8,35.63,34.95,13.92,0.02066,19
P005-2024-02-0021,P005,2024-02-19,2025-09,788.3,115.25,28.82,5.08,0.02331,20
P005-2024-02-0022,P005,2024-02-22,2025-07,2606.07,103.91,79.15,20.59,0.02516,18
P005-2024-02-0022,P005,2024-02-22,2025-08,2681.76,142.37,218.05,0.0,0.02159,19
P005-2024-02-0022,P005,2024-02-22,2025-09,2707.62,67.84,110.17,16.47,0.01912,20
P005-2024-02-0025,P005,2024-02-24,2025-07,2973.47,250.55,50.92,36.31,0.02187,18
P005-2024-02-0025,P005,2024-02-24,2025-08,2835.72,237.68,147.5,47.56,0.02003,19
P005-2024-02-0025,P005,2024-02-24,2025-09,2604.72,266.96,109.36,73.4,0.0246,20
P005-2024-02-0029,P005,2024-02-01,2025-07,1723.99,104.07,45.88,3.2,0.02175,18
P005-2024-02-0029,P005,2024-02-01,2025-08,1809.35,80.7,167.43,1.37,0.02405,19
P005-2024-02-0029,P005,2024-02-01,2025-09,1697.51,147.91,36.97,0.9,0.0236,20
P005-2024-02-0030,P005,2024-02-24,2025-07,3871.61,280.01,27.66,2.91,0.02719,18
P005-2024-02-0030,P005,2024-02-24,2025-08,3635.8,225.02,80.2,90.99,0.02353,19
P005-2024-02-0030,P005,2024-02-24,2025-09,3471.65,355.73,191.58,0.0,0.01639,20
P005-2024-02-0031,P005,2024-02-12,2025-07,2091.08,30.41,106.59,11.76,0.02522,18
P005-2024-02-0031,P005,2024-02-12,2025-08,2195.53,0.0,116.9,12.44,0.02178,19
P005-2024-02-0031,P005,2024-02-12,2025-09,2220.81,110.32,136.17,0.57,0.02375,20
P005-2024-02-0032,P005,2024-02-10,2025-07,2374.81,0.0,116.17,0.0,0.01642,18
P005-2024-02-0032,P005,2024-02-10,2025-08,2292.84,128.31,73.36,27.01,0.02571,19
P005-2024-02-0032,P005,2024-02-10,2025-09,2255.29,114.09,95.12,18.59,0.02022,20
P005-2024-02-0038,P005,2024-02-14,2025-07,6479.94,483.64,231.13,128.41,0.02384,18
P005-2024-02-0038,P005,2024-02-14,2025-08,6140.14,572.86,280.28,47.21,0.02072,19
P005-2024-02-0038,P005,2024-02-14,2025-09,5983.54,415.46,331.06,72.21,0.02325,20
P005-2024-03-0000,P005,2024-03-09,2025-07,2294.63,65.53,114.51,75.31,0.02118,17
P005-2024-03-0000,P005,2024-03-09,2025-08,2369.18,113.94,188.49,0.0,0.0233,18
P005-2024-03-0000,P005,2024-03-09,2025-09,2319.07,89.37,66.53,27.27,0.02801,19
P005-2024-03-0001,P005,2024-03-27,2025-07,7553.59,383.82,179.81,225.26,0.0275,17
P005-2024-03-0001,P005,2024-03-27,2025-08,7785.69,151.99,519.85,135.76,0.02112,18
P005-2024-03-0001,P005,2024-03-27,2025-09,7889.12,252.05,399.75,44.28,0.01762,19
P005-2024-03-0004,P005,2024-03-15,2025-07,8242.62,622.15,412.33,96.41,0.02283,17
P005-2024-03-0004,P005,2024-03-15,2025-08,8186.5,233.3,373.47,196.29,0.0201,18
P005-2024-03-0008,P005,2024-03-14,2025-07,3940.86,303.7,264.16,95.01,0.02369,17
P005-2024-03-0008,P005,2024-03-14,2025-08,3977.45,164.52,201.11,0.0,0.01983,18
P005-2024-03-0008,P005,2024-03-14,2025-09,3861.93,198.37,82.85,0.0,0.01972,19
P005-2024-03-0012,P005,2024-03-19,2025-07,1492.25,168.31,59.42,30.16,0.02214,17
P005-2024-03-0012,P005,2024-03-19,2025-08,1470.14,67.27,46.94,1.78,0.02363,18
P005-2024-03-0012,P005,2024-03-19,2025-09,1393.59,100.75,30.35,6.15,0.0196,19
P005-2024-03-0014,P005,2024-03-15,2025-07,1375.19,108.95,80.33,28.52,0.01892,17
P005-2024-03-0014,P005,2024-03-15,2025-08,1376.96,17.96,30.36,10.65,0.02083,18
P005-2024-03-0014,P005,2024-03-15,2025-09,1409.98,43.84,89.16,12.29,0.02763,19
P005-2024-03-0017,P005,2024-03-01,2025-07,4205.37,388.12,298.28,32.94,0.02468,17
P005-2024-03-0017,P005,2024-03-01,2025-08,4188.18,225.21,244.3,36.28,0.02463,18
P005-2024-03-0017,P005,2024-03-01,2025-09,4042.66,321.64,215.07,38.96,0.02411,19
P005-2024-03-0021,P005,2024-03-07,2025-07,3959.53,64.3,84.39,22.19,0.02323,17
P005-2024-03-0021,P005,2024-03-07,2025-08,3820.21,190.94,93.06,41.43,0.02039,18
P005-2024-03-0021,P005,2024-03-07,2025-09,3642.11,303.61,160.25,34.74,0.02219,19
P005-2024-03-0022,P005,2024-03-27,2025-07,5297.43,116.64,167.56,0.0,0.01509,17
P005-2024-03-0022,P005,2024-03-27,2025-08,5260.91,111.29,127.63,52.86,0.02188,18
P005-2024-03-0022,P005,2024-03-27,2025-09,5166.87,264.22,257.77,87.6,0.02329,19
P005-2024-03-0025,P005,2024-03-19,2025-07,1906.52,77.56,68.14,7.76,0.02448,17
P005-2024-03-0025,P005,2024-03-19,2025-08,1788.27,206.05,87.79,0.0,0.02041,18
P005-2024-03-0025,P005,2024-03-19,2025-09,1687.43,137.69,36.85,0.0,0.02295,19
P005-2024-03-0026,P005,2024-03-11,2025-07,6945.69,381.31,164.31,68.86,0.02044,17
P005-2024-03-0026,P005,2024-03-11,2025-08,6436.77,416.53,54.64,147.03,0.01987,18
P005-2024-03-0026,P005,2024-03-11,2025-09,6340.55,243.9,238.12,90.44,0.01969,19
P005-2024-03-0029,P005,2024-03-12,2025-07,1844.12,151.61,82.19,17.92,0.02175,17
P005-2024-03-0029,P005,2024-03-12,2025-08,1799.07,106.67,83.07,21.45,0.02453,18
P005-2024-03-0029,P005,2024-03-12,2025-09,1736.27,131.13,98.16,29.83,0.01959,19
P005-2024-03-0030,P005,2024-03-23,2025-07,2512.39,27.76,24.39,0.0,0.02486,17
P005-2024-03-0030,P005,2024-03-23,2025-08,2440.4,147.72,109.95,34.22,0.02311,18
P005-2024-03-0030,P005,2024-03-23,2025-09,2307.15,228.82,134.85,39.29,0.02344,19
P005-2024-03-0032,P005,2024-03-20,2025-07,4350.92,214.28,297.27,58.61,0.02537,17
P005-2024-03-0032,P005,2024-03-20,2025-08,4218.03,365.52,259.42,26.79,0.0297,18
P005-2024-03-0032,P005,2024-03-20,2025-09,4183.72,314.56,280.24,0.0,0.02473,19
P005-2024-03-0033,P005,2024-03-20,2025-07,1916.05,140.1,81.88,11.3,0.02462,17
P005-2024-03-0033,P005,2024-03-20,2025-08,1903.38,96.59,85.75,1.83,0.02049,18
P005-2024-03-0033,P005,2024-03-20,2025-09,1736.97,191.67,76.32,51.06,0.0202,19
P005-2024-03-0034,P005,2024-03-15,2025-07,5022.48,108.17,301.51,15.89,0.01989,17
P005-2024-03-0034,P005,2024-03-15,2025-08,5022.75,201.63,201.9,0.0,0.02224,18
P005-2024-03-0034,P005,2024-03-15,2025-09,4814.46,299.06,173.76,82.98,0.02174,19
P005-2024-03-0036,P005,2024-03-27,2025-07,3137.09,102.84,101.34,31.57,0.02335,17
P005-2024-03-0036,P005,2024-03-27,2025-08,3026.5,233.2,157.36,34.75,0.02639,18
P005-2024-03-0036,P005,2024-03-27,2025-09,2829.36,309.82,112.68,0.0,0.02119,19
P005-2024-03-0037,P005,2024-03-07,2025-07,7358.91,279.52,197.73,119.18,0.01904,17
P005-2024-03-0037,P005,2024-03-07,2025-08,7244.03,508.93,510.3,116.24,0.02206,18
P005-2024-03-0037,P005,2024-03-07,2025-09,7051.0,545.4,478.06,125.7,0.02545,19
P005-2024-03-0038,P005,2024-03-14,2025-07,2047.08,202.41,58.8,21.0,0.01486,17
P005-2024-03-0038,P005,2024-03-14,2025-08,1852.53,255.38,66.05,5.22,0.02282,18
P005-2024-03-0038,P005,2024-03-14,2025-09,1742.51,168.97,62.83,3.88,0.02575,19
P005-2024-04-0001,P005,2024-04-04,2025-07,2634.14,79.84,42.63,0.0,0.01595,16
P005-2024-04-0001,P005,2024-04-04,2025-08,2554.61,209.89,130.36,0.0,0.02484,17
P005-2024-04-0001,P005,2024-04-04,2025-09,2607.47,35.92,88.78,0.0,0.02121,18
P005-2024-04-0003,P005,2024-04-12,2025-07,6093.72,578.02,333.02,25.23,0.01915,16
P005-2024-04-0003,P005,2024-04-12,2025-08,6118.03,307.22,430.37,98.84,0.02876,17
P005-2024-04-0003,P005,2024-04-12,2025-09,5648.05,587.51,117.53,0.0,0.02526,18
P005-2024-04-0004,P005,2024-04-03,2025-07,2288.38,221.26,142.83,0.0,0.02687,16
P005-2024-04-0004,P005,2024-04-03,2025-08,2312.95,125.01,152.49,2.91,0.0212,17
P005-2024-04-0004,P005,2024-04-03,2025-09,2260.01,54.56,33.08,31.47,0.02189,18
P005-2024-04-0005,P005,2024-04-06,2025-07,1991.04,180.76,124.5,29.25,0.01846,16
P005-2024-04-0005,P005,2024-04-06,2025-08,1985.76,64.74,59.46,0.0,0.02225,17
P005-2024-04-0005,P005,2024-04-06,2025-09,2012.2,72.49,98.93,0.0,0.02204,18
P005-2024-04-0006,P005,2024-04-18,2025-07,1315.38,118.99,68.45,37.49,0.02057,16
P005-2024-04-0006,P005,2024-04-18,2025-08,1290.99,80.21,78.08,22.26,0.02463,17
P005-2024-04-0006,P005,2024-04-18,2025-09,1251.54,103.59,72.35,8.21,0.01811,18
P005-2024-04-0007,P005,2024-04-11,2025-07,7031.21,747.69,205.86,137.59,0.01682,16
P005-2024-04-0007,P005,2024-04-11,2025-08,7106.14,121.07,329.72,133.73,0.02809,17
P005-2024-04-0009,P005,2024-04-02,2025-07,5960.76,344.21,235.94,25.86,0.02177,16
P005-2024-04-0009,P005,2024-04-02,2025-08,5383.14,552.94,30.75,55.43,0.01659,17
P005-2024-04-0009,P005,2024-04-02,2025-09,5040.54,342.81,0.22,0.0,0.01983,18
P005-2024-04-0013,P005,2024-04-25,2025-07,5783.68,717.96,82.04,170.87,0.0221,16
P005-2024-04-0013,P005,2024-04-25,2025-08,6082.61,0.0,298.92,0.0,0.02548,17
P005-2024-04-0013,P005,2024-04-25,2025-09,6059.13,516.88,527.34,33.93,0.02417,18
P005-2024-04-0014,P005,2024-04-04,2025-07,3048.29,309.81,134.67,36.21,0.01985,16
P005-2024-04-0014,P005,2024-04-04,2025-08,3062.59,179.94,194.24,0.0,0.02065,17
P005-2024-04-0014,P005,2024-04-04,2025-09,3051.65,70.99,65.29,5.24,0.03023,18
P005-2024-04-0015,P005,2024-04-08,2025-07,2517.76,104.35,144.05,23.62,0.02509,16
P005-2024-04-0015,P005,2024-04-08,2025-08,2356.44,206.96,81.56,35.92,0.02207,17
P005-2024-04-0015,P005,2024-04-08,2025-09,2198.36,119.42,3.2,41.86,0.02176,18
P005-2024-04-0016,P005,2024-04-07,2025-07,2130.59,66.08,90.0,38.93,0.02669,16
P005-2024-04-0016,P005,2024-04-07,2025-08,2057.04,143.47,92.86,22.93,0.02156,17
P005-2024-04-0016,P005,2024-04-07,2025-09,1956.87,168.74,82.21,13.65,0.02116,18
P005-2024-04-0017,P005,2024-04-08,2025-07,1601.04,104.11,44.44,19.22,0.0229,16
P005-2024-04-0017,P005,2024-04-08,2025-08,1586.09,115.17,100.22,0.0,0.02437,17
P005-2024-04-0017,P005,2024-04-08,2025-09,1514.59,103.73,61.91,29.67,0.02838,18
P005-2024-04-0018,P005,2024-04-23,2025-07,3177.9,127.8,89.51,0.0,0.021,16
P005-2024-04-0018,P005,2024-04-23,2025-08,2968.87,276.67,126.45,58.81,0.01853,17
P005-2024-04-0018,P005,2024-04-23,2025-09,2933.31,142.24,199.75,93.07,0.02737,18
P005-2024-04-0019,P005,2024-04-22,2025-07,1366.53,74.77,39.86,0.0,0.02177,16
P005-2024-04-0019,P005,2024-04-22,2025-08,1313.98,95.49,58.91,15.97,0.0231,17
P005-2024-04-0019,P005,2024-04-22,2025-09,1203.59,133.61,23.23,0.0,0.02266,18
P005-2024-04-0021,P005,2024-04-18,2025-07,4908.2,426.57,146.54,80.74,0.02131,16
P005-2024-04-0021,P005,2024-04-18,2025-08,4553.16,484.03,192.49,63.49,0.02673,17
P005-2024-04-0021,P005,2024-04-18,2025-09,4242.0,344.54,60.36,26.98,0.02208,18
P005-2024-04-0022,P005,2024-04-22,2025-07,7502.64,479.77,61.3,0.0,0.01709,16
P005-2024-04-0022,P005,2024-04-22,2025-08,6647.47,929.84,176.76,102.09,0.02288,17
P005-2024-04-0022,P005,2024-04-22,2025-09,5999.95,640.46,49.31,56.36,0.02069,18
P005-2024-04-0025,P005,2024-04-22,2025-07,985.82,77.73,65.59,15.39,0.02072,16
P005-2024-04-0025,P005,2024-04-22,2025-08,1004.34,18.53,46.67,9.62,0.02081,17
P005-2024-04-0025,P005,2024-04-22,2025-09,976.43,68.48,47.87,7.3,0.02262,18
P005-2024-04-0027,P005,2024-04-03,2025-07,1738.12,140.61,72.89,31.24,0.02385,16
P005-2024-04-0027,P005,2024-04-03,2025-08,1687.19,141.01,109.04,18.96,0.01617,17
P005-2024-04-0027,P005,2024-04-03,2025-09,1713.76,89.23,124.84,9.04,0.02181,18
P005-2024-04-0030,P005,2024-04-18,2025-07,2800.05,223.88,143.09,9.0,0.02304,16
P005-2024-04-0030,P005,2024-04-18,2025-08,2726.95,176.59,148.81,45.32,0.02718,17
P005-2024-04-0030,P005,2024-04-18,2025-09,2703.5,86.54,90.06,26.96,0.02644,18
P005-2024-04-0031,P005,2024-04-18,2025-07,2127.44,198.84,0.0,75.65,0.02568,16
P005-2024-04-0031,P005,2024-04-18,2025-08,1910.42,243.7,89.45,62.78,0.02403,17
P005-2024-04-0031,P005,2024-04-18,2025-09,1769.78,153.26,35.93,23.31,0.02412,18
P005-2024-04-0034,P005,2024-04-12,2025-07,1671.97,177.24,51.16,1.05,0.02481,16
P005-2024-04-0034,P005,2024-04-12,2025-08,1549.88,145.26,77.8,54.64,0.01758,17
P005-2024-04-0034,P005,2024-04-12,2025-09,1489.87,94.85,60.95,26.12,0.02174,18
P005-2024-05-0000,P005,2024-05-18,2025-07,2983.9,182.86,78.02,39.12,0.02326,15
P005-2024-05-0000,P005,2024-05-18,2025-08,2956.26,133.66,113.13,7.11,0.02508,16
P005-2024-05-0000,P005,2024-05-18,2025-09,2894.5,211.52,181.03,31.26,0.01905,17
P005-2024-05-0001,P005,2024-05-26,2025-07,3724.25,328.86,222.69,47.63,0.02548,15
P005-2024-05-0001,P005,2024-05-26,2025-08,3472.94,345.41,167.37,73.27,0.0232,16
P005-2024-05-0001,P005,2024-05-26,2025-09,3381.62,122.06,119.56,88.83,0.02277,17
P005-2024-05-0004,P005,2024-05-18,2025-07,4875.63,473.5,155.01,126.6,0.02379,15
P005-2024-05-0004,P005,2024-05-18,2025-08,4604.22,293.88,75.63,53.16,0.02001,16
P005-2024-05-0004,P005,2024-05-18,2025-09,4356.6,489.09,241.48,0.0,0.02194,17
P005-2024-05-0006,P005,2024-05-20,2025-07,856.13,78.04,0.0,16.38,0.02827,15
P005-2024-05-0006,P005,2024-05-20,2025-08,854.75,48.45,57.99,10.92,0.02505,16
P005-2024-05-0006,P005,2024-05-20,2025-09,807.6,47.84,9.7,9.01,0.02434,17
P005-2024-05-0007,P005,2024-05-05,2025-07,1238.52,55.83,15.83,5.78,0.02304,15
P005-2024-05-0007,P005,2024-05-05,2025-08,1225.59,67.0,54.07,0.0,0.02009,16
P005-2024-05-0007,P005,2024-05-05,2025-09,1195.41,57.02,43.08,16.24,0.02822,17
P005-2024-05-0010,P005,2024-05-07,2025-07,2130.58,156.36,94.54,9.39,0.02487,15
P005-2024-05-0010,P005,2024-05-07,2025-08,2138.05,83.82,97.33,6.05,0.02512,16
P005-2024-05-0010,P005,2024-05-07,2025-09,2050.68,168.8,81.44,0.0,0.02009,17
P005-2024-05-0012,P005,2024-05-18,2025-07,2445.08,69.97,79.74,0.0,0.02557,15
P005-2024-05-0012,P005,2024-05-18,2025-08,2419.77,54.77,42.29,12.83,0.02228,16
P005-2024-05-0012,P005,2024-05-18,2025-09,2307.86,193.14,111.12,29.9,0.0217,17
P005-2024-05-0014,P005,2024-05-10,2025-07,5302.03,134.39,133.51,0.0,0.02438,15
P005-2024-05-0014,P005,2024-05-10,2025-08,5198.84,226.66,123.47,0.0,0.02614,16
P005-2024-05-0014,P005,2024-05-10,2025-09,4996.84,288.38,95.44,9.07,0.01945,17
P005-2024-05-0015,P005,2024-05-03,2025-07,3066.91,181.94,75.34,15.86,0.02109,15
P005-2024-05-0015,P005,2024-05-03,2025-08,2975.29,230.49,138.87,0.0,0.01519,16
P005-2024-05-0015,P005,2024-05-03,2025-09,2629.75,417.93,114.62,42.23,0.02079,17
P005-2024-05-0018,P005,2024-05-16,2025-07,1555.01,99.36,109.93,21.19,0.01957,15
P005-2024-05-0018,P005,2024-05-16,2025-08,1533.94,76.07,77.83,22.84,0.02233,16
P005-2024-05-0018,P005,2024-05-16,2025-09,1418.44,146.63,31.14,0.0,0.0214,17
P005-2024-05-0019,P005,2024-05-19,2025-07,1872.36,151.62,74.51,35.3,0.02185,15
P005-2024-05-0019,P005,2024-05-19,2025-08,1879.7,60.08,80.81,13.38,0.02087,16
P005-2024-05-0019,P005,2024-05-19,2025-09,1864.45,74.27,89.16,30.15,0.0211,17
P005-2024-05-0020,P005,2024-05-04,2025-07,1804.37,100.06,103.27,34.84,0.01658,15
P005-2024-05-0020,P005,2024-05-04,2025-08,1698.62,98.39,23.05,30.4,0.02606,16
P005-2024-05-0024,P005,2024-05-09,2025-07,6117.95,704.77,185.57,0.0,0.02431,15
P005-2024-05-0024,P005,2024-05-09,2025-08,6175.74,110.86,309.9,141.24,0.01943,16
P005-2024-05-0026,P005,2024-05-05,2025-07,3276.2,316.21,204.08,62.47,0.02694,15
P005-2024-05-0026,P005,2024-05-05,2025-08,3097.06,183.51,41.35,36.99,0.01696,16
P005-2024-05-0026,P005,2024-05-05,2025-09,2972.11,250.85,163.34,37.44,0.02221,17
P005-2024-05-0029,P005,2024-05-27,2025-07,2430.86,195.8,78.48,0.0,0.01872,15
P005-2024-05-0029,P005,2024-05-27,2025-08,2379.61,153.83,121.51,18.93,0.01865,16
P005-2024-05-0029,P005,2024-05-27,2025-09,2198.83,246.67,65.89,0.0,0.02327,17
P005-2024-05-0031,P005,2024-05-10,2025-07,5802.84,117.83,333.65,125.83,0.0206,15
P005-2024-05-0031,P005,2024-05-10,2025-08,5651.24,366.77,302.62,87.46,0.02184,16
P005-2024-05-0031,P005,2024-05-10,2025-09,5381.16,372.81,102.74,0.0,0.03291,17
P005-2024-05-0035,P005,2024-05-03,2025-07,4503.7,8.62,161.69,0.0,0.01932,15
P005-2024-05-0035,P005,2024-05-03,2025-08,3895.6,575.89,18.54,50.74,0.02112,16
P005-2024-05-0035,P005,2024-05-03,2025-09,3900.24,177.01,181.64,0.0,0.02365,17
P005-2024-05-0039,P005,2024-05-12,2025-07,1134.15,101.43,62.2,8.13,0.02318,15
P005-2024-05-0039,P005,2024-05-12,2025-08,1107.44,39.15,37.26,24.82,0.02261,16
P005-2024-05-0039,P005,2024-05-12,2025-09,1018.11,109.75,38.07,17.64,0.02334,17
P005-2024-05-0040,P005,2024-05-04,2025-07,3093.66,188.66,143.48,0.0,0.02609,15
P005-2024-05-0040,P005,2024-05-04,2025-08,3060.08,108.1,144.25,69.72,0.02105,16
P005-2024-05-0040,P005,2024-05-04,2025-09,3096.22,74.54,142.63,31.95,0.02481,17
P005-2024-05-0041,P005,2024-05-20,2025-07,1871.97,144.25,63.06,8.05,0.02078,15
P005-2024-05-0042,P005,2024-05-20,2025-07,2177.12,113.35,54.36,28.65,0.02564,15
P005-2024-05-0042,P005,2024-05-20,2025-08,2042.56,154.28,49.92,30.2,0.02196,16
P005-2024-05-0042,P005,2024-05-20,2025-09,1981.24,114.86,53.53,0.0,0.02659,17
P005-2024-05-0043,P005,2024-05-14,2025-07,2913.95,100.78,182.6,52.94,0.01844,15
P005-2024-05-0043,P005,2024-05-14,2025-08,2723.2,281.29,103.82,13.28,0.02811,16
P005-2024-05-0043,P005,2024-05-14,2025-09,2621.23,180.75,162.51,83.73,0.02256,17
P005-2024-06-0000,P005,2024-06-17,2025-07,5572.55,670.51,359.43,32.88,0.02553,14
P005-2024-06-0000,P005,2024-06-17,2025-08,5485.74,318.98,264.32,32.15,0.01957,15
P005-2024-06-0000,P005,2024-06-17,2025-09,5132.31,470.69,205.93,88.66,0.0263,16
P005-2024-06-0001,P005,2024-06-10,2025-07,3531.66,292.23,30.65,114.76,0.02419,14
P005-2024-06-0002,P005,2024-06-27,2025-07,5887.85,167.53,271.94,106.8,0.02009,14
P005-2024-06-0002,P005,2024-06-27,2025-08,5563.85,338.04,134.76,120.72,0.023,15
P005-2024-06-0005,P005,2024-06-08,2025-07,5367.09,249.31,368.74,0.0,0.02041,14
P005-2024-06-0005,P005,2024-06-08,2025-08,5185.28,438.0,333.52,77.33,0.02105,15
P005-2024-06-0005,P005,2024-06-08,2025-09,5188.93,262.0,311.52,45.87,0.02016,16
P005-2024-06-0006,P005,2024-06-17,2025-07,2513.23,239.31,133.43,0.0,0.02244,14
P005-2024-06-0006,P005,2024-06-17,2025-08,2506.99,166.53,167.63,7.34,0.02576,15
P005-2024-06-0006,P005,2024-06-17,2025-09,2301.93,236.26,63.72,32.53,0.01875,16
P005-2024-06-0009,P005,2024-06-09,2025-07,847.01,62.02,12.39,21.74,0.02018,14
P005-2024-06-0009,P005,2024-06-09,2025-08,769.05,73.88,9.03,13.1,0.02552,15
P005-2024-06-0009,P005,2024-06-09,2025-09,780.6,9.48,23.95,2.92,0.02444,16
P005-2024-06-0011,P005,2024-06-07,2025-07,3031.79,168.35,168.09,4.54,0.01985,14
P005-2024-06-0011,P005,2024-06-07,2025-08,2823.64,265.27,90.11,32.98,0.01822,15
P005-2024-06-0012,P005,2024-06-03,2025-07,2459.38,226.88,113.17,10.43,0.02398,14
P005-2024-06-0012,P005,2024-06-03,2025-08,2488.96,117.25,162.98,16.16,0.0235,15
P005-2024-06-0012,P005,2024-06-03,2025-09,2475.79,138.32,125.14,0.0,0.02263,16
P005-2024-06-0013,P005,2024-06-07,2025-07,4358.49,333.36,240.17,92.62,0.02037,14
P005-2024-06-0013,P005,2024-06-07,2025-08,4374.65,147.98,165.58,1.44,0.02277,15
P005-2024-06-0013,P005,2024-06-07,2025-09,3976.8,336.1,0.0,61.74,0.02186,16
P005-2024-06-0015,P005,2024-06-16,2025-07,1057.92,73.48,51.61,7.28,0.02682,14
P005-2024-06-0015,P005,2024-06-16,2025-08,1066.36,46.06,61.16,6.66,0.02062,15
P005-2024-06-0015,P005,2024-06-16,2025-09,941.92,118.25,0.75,6.94,0.02047,16
P005-2024-06-0016,P005,2024-06-25,2025-07,1095.78,49.52,40.46,0.0,0.02649,14
P005-2024-06-0016,P005,2024-06-25,2025-08,1082.76,44.02,44.75,13.75,0.0263,15
P005-2024-06-0016,P005,2024-06-25,2025-09,1019.72,94.67,41.18,9.55,0.02466,16
P005-2024-06-0020,P005,2024-06-18,2025-07,3735.57,281.15,119.46,39.69,0.02228,14
P005-2024-06-0020,P005,2024-06-18,2025-08,3514.81,339.83,227.35,108.27,0.0245,15
P005-2024-06-0020,P005,2024-06-18,2025-09,3362.28,176.09,121.25,97.69,0.02467,16
P005-2024-06-0021,P005,2024-06-03,2025-07,2912.78,200.03,131.51,1.29,0.02344,14
P005-2024-06-0021,P005,2024-06-03,2025-08,2871.12,166.42,140.95,16.19,0.02372,15
P005-2024-06-0021,P005,2024-06-03,2025-09,2609.69,315.18,110.61,56.86,0.02547,16
P005-2024-06-0022,P005,2024-06-26,2025-07,1967.02,283.22,72.26,57.8,0.01777,14
P005-2024-06-0022,P005,2024-06-26,2025-08,2018.39,57.07,120.74,12.3,0.01818,15
P005-2024-06-0022,P005,2024-06-26,2025-09,2088.7,3.62,85.68,11.75,0.0249,16
P005-2024-06-0023,P005,2024-06-01,2025-07,6548.29,483.57,309.55,22.42,0.02212,14
P005-2024-06-0023,P005,2024-06-01,2025-08,6233.12,489.22,280.03,105.98,0.02048,15
P005-2024-06-0023,P005,2024-06-01,2025-09,6149.52,285.75,204.29,2.15,0.02451,16
P005-2024-06-0028,P005,2024-06-17,2025-07,1668.07,116.1,92.8,21.81,0.02479,14
P005-2024-06-0028,P005,2024-06-17,2025-08,1476.06,191.87,28.56,28.7,0.02372,15
P005-2024-06-0028,P005,2024-06-17,2025-09,1439.28,77.96,66.02,24.84,0.02266,16
P005-2024-06-0031,P005,2024-06-18,2025-07,3750.45,125.63,252.45,10.06,0.02778,14
P005-2024-06-0031,P005,2024-06-18,2025-08,3654.65,326.32,267.95,37.43,0.0225,15
P005-2024-06-0031,P005,2024-06-18,2025-09,3346.55,333.24,88.76,63.62,0.01485,16
P005-2024-06-0033,P005,2024-06-19,2025-07,4769.72,207.42,150.39,0.0,0.01981,14
P005-2024-06-0033,P005,2024-06-19,2025-08,4902.07,41.99,174.33,0.0,0.02249,15
P005-2024-06-0033,P005,2024-06-19,2025-09,4549.79,390.36,163.2,125.12,0.01587,16
P005-2024-06-0035,P005,2024-06-17,2025-07,2350.74,68.14,77.07,29.37,0.01361,14
P005-2024-06-0035,P005,2024-06-17,2025-08,2205.94,184.67,73.24,33.37,0.02288,15
P005-2024-06-0035,P005,2024-06-17,2025-09,2212.09,114.55,147.18,26.48,0.02367,16
